budget_id,month,category,budget_amount
1,2024-01,Salaries,88987.13
2,2024-01,Rent,29284.91
3,2024-01,Logistics,17847.42
4,2024-01,Marketing,9114.45
5,2024-01,Utilities,6085.65
6,2024-01,IT & Software,6890.2
7,2024-02,Salaries,83720.29
8,2024-02,Rent,29881.15
9,2024-02,Logistics,17852.17
10,2024-02,Marketing,9090.66
11,2024-02,Utilities,6009.03
12,2024-02,IT & Software,7052.68
13,2024-03,Salaries,84095.09
14,2024-03,Rent,29981.26
15,2024-03,Logistics,18125.86
16,2024-03,Marketing,9241.35
17,2024-03,Utilities,5897.8
18,2024-03,IT & Software,6813.67
19,2024-04,Salaries,83374.15
20,2024-04,Rent,30369.34
21,2024-04,Logistics,18546.13
22,2024-04,Marketing,9252.89
23,2024-04,Utilities,6043.98
24,2024-04,IT & Software,7081.01
25,2024-05,Salaries,86376.81
26,2024-05,Rent,30072.48
27,2024-05,Logistics,18809.09
28,2024-05,Marketing,9347.71
29,2024-05,Utilities,5837.48
30,2024-05,IT & Software,7347.04
31,2024-06,Salaries,83235.65
32,2024-06,Rent,30018.17
33,2024-06,Logistics,17494.38
34,2024-06,Marketing,9270.22
35,2024-06,Utilities,6192.03
36,2024-06,IT & Software,7041.97
37,2024-07,Salaries,87609.54
38,2024-07,Rent,31005.03
39,2024-07,Logistics,17664.93
40,2024-07,Marketing,9380.64
41,2024-07,Utilities,6011.63
42,2024-07,IT & Software,6998.08
43,2024-08,Salaries,83336.82
44,2024-08,Rent,29688.88
45,2024-08,Logistics,18381.63
46,2024-08,Marketing,8999.31
47,2024-08,Utilities,6256.51
48,2024-08,IT & Software,7278.38
49,2024-09,Salaries,84448.87
50,2024-09,Rent,30423.86
51,2024-09,Logistics,18873.15
52,2024-09,Marketing,8778.78
53,2024-09,Utilities,5968.96
54,2024-09,IT & Software,6796.19
55,2024-10,Salaries,87511.5
56,2024-10,Rent,29243.73
57,2024-10,Logistics,18368.17
58,2024-10,Marketing,9052.82
59,2024-10,Utilities,6114.2
60,2024-10,IT & Software,6972.87
61,2024-11,Salaries,87898.32
62,2024-11,Rent,31220.48
63,2024-11,Logistics,18084.11
64,2024-11,Marketing,9209.75
65,2024-11,Utilities,6179.49
66,2024-11,IT & Software,7349.24
67,2024-12,Salaries,88058.05
68,2024-12,Rent,30814.25
69,2024-12,Logistics,18374.69
70,2024-12,Marketing,9278.72
71,2024-12,Utilities,6116.1
72,2024-12,IT & Software,6913.33
73,2025-01,Salaries,82532.38
74,2025-01,Rent,30104.1
75,2025-01,Logistics,18611.24
76,2025-01,Marketing,9037.38
77,2025-01,Utilities,6295.4
78,2025-01,IT & Software,7344.97
79,2025-02,Salaries,82704.73
80,2025-02,Rent,30988.83
81,2025-02,Logistics,18777.79
82,2025-02,Marketing,9214.28
83,2025-02,Utilities,6141.32
84,2025-02,IT & Software,6981.93
85,2025-03,Salaries,84980.39
86,2025-03,Rent,31395.66
87,2025-03,Logistics,18249.01
88,2025-03,Marketing,9264.32
89,2025-03,Utilities,5976.74
90,2025-03,IT & Software,7171.9
91,2025-04,Salaries,85986.33
92,2025-04,Rent,30525.24
93,2025-04,Logistics,17785.73
94,2025-04,Marketing,9078.05
95,2025-04,Utilities,6064.24
96,2025-04,IT & Software,7195.6
97,2025-05,Salaries,88924.28
98,2025-05,Rent,31171.5
99,2025-05,Logistics,17673.08
100,2025-05,Marketing,9294.1
101,2025-05,Utilities,5939.39
102,2025-05,IT & Software,7308.59
103,2025-06,Salaries,85889.74
104,2025-06,Rent,30059.64
105,2025-06,Logistics,17890.68
106,2025-06,Marketing,9178.6
107,2025-06,Utilities,6138.18
108,2025-06,IT & Software,7308.63
109,2025-07,Salaries,85210.29
110,2025-07,Rent,30094.13
111,2025-07,Logistics,17940.65
112,2025-07,Marketing,8951.77
113,2025-07,Utilities,6298.94
114,2025-07,IT & Software,7011.95
115,2025-08,Salaries,85374.72
116,2025-08,Rent,29683.77
117,2025-08,Logistics,17944.0
118,2025-08,Marketing,9157.28
119,2025-08,Utilities,5868.32
120,2025-08,IT & Software,7202.96
121,2025-09,Salaries,85364.09
122,2025-09,Rent,31342.5
123,2025-09,Logistics,18464.23
124,2025-09,Marketing,8766.98
125,2025-09,Utilities,5835.69
126,2025-09,IT & Software,7262.4
127,2025-10,Salaries,88692.97
128,2025-10,Rent,30698.54
129,2025-10,Logistics,17697.92
130,2025-10,Marketing,8801.98
131,2025-10,Utilities,5859.53
132,2025-10,IT & Software,6790.12
133,2025-11,Salaries,87818.89
134,2025-11,Rent,31078.06
135,2025-11,Logistics,17844.96
136,2025-11,Marketing,9332.53
137,2025-11,Utilities,6114.11
138,2025-11,IT & Software,7048.91
139,2025-12,Salaries,83520.28
140,2025-12,Rent,30335.74
141,2025-12,Logistics,17782.26
142,2025-12,Marketing,9013.24
143,2025-12,Utilities,5898.15
144,2025-12,IT & Software,7043.4
145,2026-01,Salaries,84533.51
146,2026-01,Rent,31055.13
147,2026-01,Logistics,18799.92
148,2026-01,Marketing,9339.93
149,2026-01,Utilities,5921.06
150,2026-01,IT & Software,7183.81
151,2026-02,Salaries,82849.49
152,2026-02,Rent,29454.43
153,2026-02,Logistics,17641.6
154,2026-02,Marketing,8933.38
155,2026-02,Utilities,5973.58
156,2026-02,IT & Software,7059.69
157,2026-03,Salaries,88773.14
158,2026-03,Rent,30711.94
159,2026-03,Logistics,17895.67
160,2026-03,Marketing,9374.82
161,2026-03,Utilities,5994.82
162,2026-03,IT & Software,6983.25
163,2026-04,Salaries,88169.63
164,2026-04,Rent,30034.94
165,2026-04,Logistics,18127.45
166,2026-04,Marketing,9294.28
167,2026-04,Utilities,6035.81
168,2026-04,IT & Software,7207.36
169,2026-05,Salaries,86927.15
170,2026-05,Rent,30903.63
171,2026-05,Logistics,17724.91
172,2026-05,Marketing,8848.21
173,2026-05,Utilities,5864.74
174,2026-05,IT & Software,6977.35
175,2026-06,Salaries,83404.32
176,2026-06,Rent,30288.86
177,2026-06,Logistics,17751.25
178,2026-06,Marketing,8757.68
179,2026-06,Utilities,5993.15
180,2026-06,IT & Software,7134.33
181,2026-07,Salaries,83161.26
182,2026-07,Rent,31426.26
183,2026-07,Logistics,17672.84
184,2026-07,Marketing,9347.6
185,2026-07,Utilities,5951.25
186,2026-07,IT & Software,7086.09
187,2026-08,Salaries,88750.73
188,2026-08,Rent,30947.31
189,2026-08,Logistics,17516.77
190,2026-08,Marketing,9155.5
191,2026-08,Utilities,6298.46
192,2026-08,IT & Software,6949.31
