customer_id,customer_name,emirate,segment,industry,credit_limit,onboard_date
1,Al Noor Building Contracting,Fujairah,Contractor,Construction,754472.97,2022-09-08
2,Gulf Horizon Trading,Dubai,Retailer,Construction,692864.51,2023-07-13
3,Emirates Plumbing Works,Abu Dhabi,Real Estate Developer,Retail,80193.55,2022-04-06
4,Al Wahda Construction Co,Dubai,Retailer,Government,621917.79,2023-07-29
5,Falcon MEP Services,Dubai,Real Estate Developer,Retail,259418.59,2023-08-27
6,Desert Rose Developers,Sharjah,Contractor,Real Estate,713232.43,2022-12-15
7,Marina View Contractors,Sharjah,Retailer,Real Estate,959352.42,2022-12-11
8,Al Ain Infrastructure LLC,Abu Dhabi,Contractor,Retail,141880.56,2024-05-17
9,Union Sanitary Trading,Sharjah,Real Estate Developer,Facilities Mgmt,816771.86,2024-01-18
10,Blue Wave Plumbing,Ajman,Real Estate Developer,Construction,974459.98,2023-01-23
11,Al Reem Facilities Mgmt,Abu Dhabi,Real Estate Developer,Facilities Mgmt,837934.43,2023-09-26
12,Sharjah Steel & Pipes,Umm Al Quwain,Distributor,Government,232674.16,2022-03-13
13,Northern Emirates Builders,Abu Dhabi,Retailer,Facilities Mgmt,985960.44,2024-05-25
14,Coastal Homes Development,Dubai,Contractor,Retail,314074.92,2023-10-13
15,Al Maha Engineering,Umm Al Quwain,Distributor,Real Estate,401671.92,2022-08-03
16,Green Valley Construction,Fujairah,Distributor,Construction,628674.46,2022-06-25
17,RAK Municipal Projects,Ras Al Khaimah,Retailer,Real Estate,489147.2,2022-10-04
18,Fujairah Port Authority,Fujairah,Real Estate Developer,Real Estate,700383.54,2024-05-13
19,Al Ittihad Real Estate,Umm Al Quwain,Contractor,Real Estate,830712.46,2024-04-04
20,Silver Sands Contracting,Sharjah,Government,Facilities Mgmt,112879.17,2023-08-04
21,Palm Grove Interiors,Fujairah,Distributor,Real Estate,672666.73,2023-02-10
22,Metro Plumbing Supplies,Fujairah,Government,Real Estate,301636.16,2022-09-10
23,Al Bateen Villas Project,Fujairah,Real Estate Developer,Government,299604.53,2023-08-22
24,Yas Island Developers,Ajman,Real Estate Developer,Retail,393896.62,2022-05-22
25,Skyline MEP Contractors,Ras Al Khaimah,Government,Construction,767993.05,2024-05-31
26,Al Dhafra Municipality,Abu Dhabi,Retailer,Real Estate,802475.4,2023-03-09
27,Downtown Retail Fitout Co,Ras Al Khaimah,Contractor,Retail,412538.32,2023-04-25
28,Al Khaleej Trading LLC,Ras Al Khaimah,Distributor,Government,867740.72,2022-01-12
29,Sunrise Sanitary Ware,Fujairah,Contractor,Government,763333.91,2024-02-27
30,Continental Builders UAE,Fujairah,Distributor,Construction,328825.12,2022-06-11
31,Al Jazira Public Works,Ajman,Contractor,Facilities Mgmt,973293.69,2024-02-20
32,Harbor Point Construction,Dubai,Real Estate Developer,Construction,876992.64,2022-11-02
33,Prime Villas Contracting,Umm Al Quwain,Real Estate Developer,Government,238965.55,2023-01-18
34,Al Fahid Group,Umm Al Quwain,Retailer,Government,955824.76,2023-06-28
35,Waterfront Estates,Abu Dhabi,Real Estate Developer,Facilities Mgmt,514175.42,2022-04-25
36,Corniche Retail Group,Sharjah,Distributor,Real Estate,105028.91,2024-06-18
37,Al Salam Construction,Ras Al Khaimah,Contractor,Construction,745312.22,2024-04-15
38,Barari Landscaping & MEP,Abu Dhabi,Real Estate Developer,Real Estate,171971.89,2023-05-02
39,Etisalat Facilities Div,Ras Al Khaimah,Retailer,Facilities Mgmt,551290.1,2023-09-14
40,National Housing Authority,Ajman,Retailer,Government,767501.94,2023-12-08
41,Desert Eagle Contracting,Dubai,Distributor,Retail,995391.89,2023-10-28
