product_id,warehouse,quantity_on_hand,reorder_level,last_updated
1,Abu Dhabi Main Warehouse,398,123,2026-08-31
2,Abu Dhabi Main Warehouse,353,96,2026-08-31
3,Abu Dhabi Main Warehouse,390,52,2026-08-31
4,Abu Dhabi Main Warehouse,502,105,2026-08-31
5,Abu Dhabi Main Warehouse,741,107,2026-08-31
6,Abu Dhabi Main Warehouse,434,61,2026-08-31
7,Abu Dhabi Main Warehouse,447,82,2026-08-31
8,Abu Dhabi Main Warehouse,356,79,2026-08-31
9,Abu Dhabi Main Warehouse,275,96,2026-08-31
10,Abu Dhabi Main Warehouse,266,111,2026-08-31
11,Abu Dhabi Main Warehouse,161,71,2026-08-31
12,Abu Dhabi Main Warehouse,224,124,2026-08-31
13,Abu Dhabi Main Warehouse,660,116,2026-08-31
14,Abu Dhabi Main Warehouse,613,117,2026-08-31
15,Abu Dhabi Main Warehouse,200,54,2026-08-31
16,Abu Dhabi Main Warehouse,390,96,2026-08-31
17,Abu Dhabi Main Warehouse,49,147,2026-08-31
18,Abu Dhabi Main Warehouse,234,61,2026-08-31
19,Abu Dhabi Main Warehouse,724,70,2026-08-31
20,Abu Dhabi Main Warehouse,94,128,2026-08-31
21,Abu Dhabi Main Warehouse,712,120,2026-08-31
22,Abu Dhabi Main Warehouse,51,82,2026-08-31
23,Abu Dhabi Main Warehouse,81,117,2026-08-31
24,Abu Dhabi Main Warehouse,261,107,2026-08-31
25,Abu Dhabi Main Warehouse,152,87,2026-08-31
26,Abu Dhabi Main Warehouse,145,105,2026-08-31
27,Abu Dhabi Main Warehouse,285,73,2026-08-31
28,Abu Dhabi Main Warehouse,234,102,2026-08-31
29,Abu Dhabi Main Warehouse,319,71,2026-08-31
30,Abu Dhabi Main Warehouse,533,58,2026-08-31
31,Abu Dhabi Main Warehouse,237,61,2026-08-31
32,Abu Dhabi Main Warehouse,635,56,2026-08-31
33,Abu Dhabi Main Warehouse,586,133,2026-08-31
34,Abu Dhabi Main Warehouse,758,72,2026-08-31
35,Abu Dhabi Main Warehouse,295,120,2026-08-31
36,Abu Dhabi Main Warehouse,481,104,2026-08-31
37,Abu Dhabi Main Warehouse,171,80,2026-08-31
