invoice_id,order_id,invoice_date,due_date,amount,paid_amount,payment_date,status
1,1,2024-01-13,2024-02-12,111226.93,111226.93,2024-01-20,Paid
2,2,2024-01-26,2024-02-25,96497.33,96497.33,2024-02-23,Paid
3,3,2024-01-07,2024-02-06,27881.25,27881.25,2024-01-27,Paid
4,4,2024-01-26,2024-02-25,155456.98,155456.98,2024-02-06,Paid
5,5,2024-01-29,2024-02-28,18824.99,18824.99,2024-02-20,Paid
6,6,2024-01-15,2024-02-14,109761.41,109761.41,2024-02-09,Paid
7,7,2024-01-17,2024-02-16,224854.84,112427.42,2024-02-12,Partially Paid
8,10,2024-01-09,2024-02-08,118995.02,118995.02,2024-01-29,Paid
9,11,2024-01-26,2024-02-25,12773.52,12773.52,2024-03-11,Paid
10,12,2024-01-26,2024-02-25,141201.97,141201.97,2024-02-15,Paid
11,15,2024-01-08,2024-02-07,45040.93,45040.93,2024-01-26,Paid
12,18,2024-02-02,2024-03-03,97726.64,97726.64,2024-03-02,Paid
13,20,2024-02-05,2024-03-06,199210.98,199210.98,2024-02-20,Paid
14,21,2024-02-20,2024-03-21,97544.64,97544.64,2024-03-15,Paid
15,23,2024-02-17,2024-03-18,7555.98,7555.98,2024-03-16,Paid
16,24,2024-02-26,2024-03-27,67830.83,67830.83,2024-04-08,Paid
17,25,2024-02-29,2024-03-30,21017.34,21017.34,2024-04-10,Paid
18,26,2024-02-13,2024-03-14,122417.43,122417.43,2024-03-01,Paid
19,27,2024-02-27,2024-03-28,111073.12,111073.12,2024-03-25,Paid
20,28,2024-02-19,2024-03-20,38276.78,38276.78,2024-03-25,Paid
21,30,2024-02-05,2024-03-06,128863.6,128863.6,2024-03-06,Paid
22,31,2024-02-21,2024-03-22,2706.56,2706.56,2024-03-12,Paid
23,32,2024-02-26,2024-03-27,150770.36,150770.36,2024-03-18,Paid
24,33,2024-02-11,2024-03-12,3372.31,3372.31,2024-03-17,Paid
25,34,2024-02-11,2024-03-12,55758.08,55758.08,2024-03-01,Paid
26,35,2024-02-29,2024-03-30,92294.8,92294.8,2024-04-03,Paid
27,37,2024-04-01,2024-05-01,137480.8,0.0,,Unpaid
28,38,2024-03-29,2024-04-28,41609.54,41609.54,2024-04-09,Paid
29,39,2024-03-17,2024-04-16,66968.22,33484.11,2024-03-22,Partially Paid
30,40,2024-03-15,2024-04-14,39950.45,39950.45,2024-04-08,Paid
31,41,2024-03-21,2024-04-20,47910.88,23955.44,2024-04-13,Partially Paid
32,42,2024-03-09,2024-04-08,116345.42,116345.42,2024-04-09,Paid
33,45,2024-03-24,2024-04-23,97499.81,97499.81,2024-04-27,Paid
34,46,2024-03-08,2024-04-07,81362.45,81362.45,2024-04-03,Paid
35,47,2024-03-31,2024-04-30,95163.51,95163.51,2024-04-11,Paid
36,48,2024-03-25,2024-04-24,17400.46,17400.46,2024-04-26,Paid
37,49,2024-03-18,2024-04-17,69262.08,69262.08,2024-04-29,Paid
38,50,2024-03-18,2024-04-17,144704.61,144704.61,2024-04-21,Paid
39,53,2024-03-25,2024-04-24,36080.66,36080.66,2024-05-09,Paid
40,54,2024-03-28,2024-04-27,147484.95,147484.95,2024-04-18,Paid
41,56,2024-03-26,2024-04-25,59259.45,59259.45,2024-05-10,Paid
42,57,2024-04-23,2024-05-23,26847.61,26847.61,2024-06-07,Paid
43,58,2024-04-12,2024-05-12,4342.96,0.0,,Unpaid
44,60,2024-04-21,2024-05-21,38787.35,38787.35,2024-05-19,Paid
45,65,2024-04-20,2024-05-20,53154.88,53154.88,2024-05-11,Paid
46,66,2024-04-26,2024-05-26,25480.67,25480.67,2024-05-07,Paid
47,69,2024-04-19,2024-05-19,91881.74,45940.87,2024-05-29,Partially Paid
48,71,2024-04-30,2024-05-30,3625.31,3625.31,2024-05-28,Paid
49,72,2024-04-04,2024-05-04,237251.64,237251.64,2024-05-11,Paid
50,73,2024-04-24,2024-05-24,20863.58,20863.58,2024-05-16,Paid
51,74,2024-04-27,2024-05-27,183370.88,183370.88,2024-05-03,Paid
52,75,2024-04-18,2024-05-18,128192.21,128192.21,2024-06-01,Paid
53,76,2024-04-06,2024-05-06,20021.79,20021.79,2024-04-30,Paid
54,78,2024-05-26,2024-06-25,137619.71,137619.71,2024-06-22,Paid
55,79,2024-05-28,2024-06-27,124952.9,124952.9,2024-06-22,Paid
56,81,2024-05-26,2024-06-25,123447.31,123447.31,2024-06-09,Paid
57,82,2024-05-08,2024-06-07,29297.9,29297.9,2024-06-18,Paid
58,84,2024-05-12,2024-06-11,14437.59,14437.59,2024-06-18,Paid
59,85,2024-05-20,2024-06-19,7362.36,7362.36,2024-06-24,Paid
60,86,2024-06-01,2024-07-01,52657.86,52657.86,2024-07-04,Paid
61,87,2024-05-19,2024-06-18,75332.92,75332.92,2024-05-30,Paid
62,88,2024-05-16,2024-06-15,102265.07,102265.07,2024-06-11,Paid
63,91,2024-05-15,2024-06-14,77373.57,77373.57,2024-06-08,Paid
64,92,2024-05-15,2024-06-14,98637.04,49318.52,2024-06-24,Partially Paid
65,93,2024-05-30,2024-06-29,10142.79,10142.79,2024-07-06,Paid
66,95,2024-05-10,2024-06-09,6797.6,3398.8,2024-06-05,Partially Paid
67,96,2024-05-05,2024-06-04,135941.75,135941.75,2024-05-28,Paid
68,97,2024-06-05,2024-07-05,95475.89,95475.89,2024-06-10,Paid
69,98,2024-06-08,2024-07-08,55757.1,55757.1,2024-07-13,Paid
70,100,2024-06-26,2024-07-26,14902.56,14902.56,2024-07-30,Paid
71,102,2024-06-29,2024-07-29,14788.12,0.0,,Unpaid
72,103,2024-06-11,2024-07-11,102647.65,102647.65,2024-07-09,Paid
73,104,2024-06-25,2024-07-25,103799.83,103799.83,2024-07-20,Paid
74,105,2024-06-13,2024-07-13,61574.28,61574.28,2024-07-15,Paid
75,109,2024-06-06,2024-07-06,25970.6,25970.6,2024-06-24,Paid
76,111,2024-06-12,2024-07-12,220392.44,220392.44,2024-07-23,Paid
77,117,2024-07-22,2024-08-21,112868.44,112868.44,2024-09-05,Paid
78,119,2024-07-21,2024-08-20,48866.33,48866.33,2024-08-12,Paid
79,120,2024-07-07,2024-08-06,76422.93,76422.93,2024-07-22,Paid
80,121,2024-07-17,2024-08-16,63550.0,63550.0,2024-08-09,Paid
81,123,2024-07-13,2024-08-12,103845.0,103845.0,2024-08-08,Paid
82,124,2024-07-27,2024-08-26,178771.88,178771.88,2024-09-09,Paid
83,125,2024-07-11,2024-08-10,192795.72,192795.72,2024-08-01,Paid
84,126,2024-07-10,2024-08-09,167984.01,167984.01,2024-08-10,Paid
85,128,2024-07-12,2024-08-11,36927.56,36927.56,2024-08-17,Paid
86,129,2024-07-13,2024-08-12,186726.59,186726.59,2024-08-05,Paid
87,130,2024-07-31,2024-08-30,112315.05,112315.05,2024-09-11,Paid
88,131,2024-07-05,2024-08-04,74068.69,74068.69,2024-07-22,Paid
89,132,2024-07-10,2024-08-09,20408.26,10204.13,2024-07-26,Partially Paid
90,135,2024-08-25,2024-09-24,177895.76,177895.76,2024-10-09,Paid
91,136,2024-08-19,2024-09-18,102685.08,102685.08,2024-09-29,Paid
92,137,2024-08-23,2024-09-22,43126.06,43126.06,2024-10-07,Paid
93,138,2024-08-23,2024-09-22,59023.82,59023.82,2024-09-27,Paid
94,139,2024-08-27,2024-09-26,77577.12,38788.56,2024-09-08,Partially Paid
95,140,2024-09-01,2024-10-01,213913.38,213913.38,2024-10-05,Paid
96,141,2024-08-16,2024-09-15,35729.02,35729.02,2024-09-15,Paid
97,142,2024-08-24,2024-09-23,22936.97,22936.97,2024-09-01,Paid
98,143,2024-08-05,2024-09-04,29984.09,29984.09,2024-09-13,Paid
99,144,2024-08-28,2024-09-27,65206.09,65206.09,2024-09-21,Paid
100,145,2024-08-24,2024-09-23,36289.94,36289.94,2024-09-02,Paid
101,146,2024-08-05,2024-09-04,7148.12,7148.12,2024-09-13,Paid
102,147,2024-08-06,2024-09-05,116002.82,116002.82,2024-08-20,Paid
103,148,2024-08-15,2024-09-14,44949.41,44949.41,2024-09-16,Paid
104,151,2024-09-05,2024-10-05,64456.07,64456.07,2024-10-18,Paid
105,152,2024-09-29,2024-10-29,305464.11,305464.11,2024-10-19,Paid
106,153,2024-09-28,2024-10-28,131050.67,131050.67,2024-10-23,Paid
107,154,2024-09-12,2024-10-12,88603.35,88603.35,2024-10-08,Paid
108,155,2024-09-24,2024-10-24,152712.86,152712.86,2024-10-03,Paid
109,156,2024-09-16,2024-10-16,10506.86,10506.86,2024-10-31,Paid
110,157,2024-09-22,2024-10-22,34793.93,34793.93,2024-10-14,Paid
111,158,2024-09-01,2024-10-01,76696.81,76696.81,2024-10-01,Paid
112,160,2024-09-13,2024-10-13,203964.17,203964.17,2024-10-24,Paid
113,162,2024-09-11,2024-10-11,81838.54,81838.54,2024-09-21,Paid
114,163,2024-09-14,2024-10-14,61733.21,61733.21,2024-10-13,Paid
115,164,2024-09-25,2024-10-25,32622.75,32622.75,2024-10-06,Paid
116,165,2024-09-13,2024-10-13,57327.07,57327.07,2024-09-23,Paid
117,166,2024-09-04,2024-10-04,196721.45,196721.45,2024-09-19,Paid
118,167,2024-09-05,2024-10-05,28444.74,28444.74,2024-09-25,Paid
119,168,2024-09-23,2024-10-23,165688.71,165688.71,2024-11-05,Paid
120,169,2024-09-14,2024-10-14,39752.18,0.0,,Unpaid
121,170,2024-10-16,2024-11-15,103331.17,51665.59,2024-11-03,Partially Paid
122,171,2024-10-30,2024-11-29,50819.01,50819.01,2024-12-08,Paid
123,172,2024-10-14,2024-11-13,90030.11,90030.11,2024-11-13,Paid
124,173,2024-10-06,2024-11-05,98850.43,98850.43,2024-11-17,Paid
125,175,2024-10-13,2024-11-12,102399.35,51199.67,2024-11-02,Partially Paid
126,176,2024-10-21,2024-11-20,148325.29,148325.29,2024-11-19,Paid
127,177,2024-10-08,2024-11-07,10204.13,10204.13,2024-10-25,Paid
128,178,2024-10-11,2024-11-10,156547.9,78273.95,2024-11-22,Partially Paid
129,179,2024-10-08,2024-11-07,110432.17,110432.17,2024-10-21,Paid
130,180,2024-10-15,2024-11-14,148530.68,148530.68,2024-11-13,Paid
131,181,2024-10-23,2024-11-22,46969.45,46969.45,2024-11-26,Paid
132,183,2024-10-30,2024-11-29,52439.82,26219.91,2024-11-11,Partially Paid
133,184,2024-10-28,2024-11-27,266469.58,266469.58,2024-12-10,Paid
134,186,2024-11-02,2024-12-02,70672.26,70672.26,2024-12-13,Paid
135,187,2024-10-21,2024-11-20,116718.19,58359.1,2024-10-31,Partially Paid
136,188,2024-10-25,2024-11-24,26726.49,26726.49,2024-11-30,Paid
137,189,2024-10-27,2024-11-26,131308.23,0.0,,Unpaid
138,191,2024-10-16,2024-11-15,103297.93,103297.93,2024-11-27,Paid
139,192,2024-10-25,2024-11-24,60500.52,60500.52,2024-11-29,Paid
140,193,2024-10-15,2024-11-14,17561.28,17561.28,2024-10-28,Paid
141,194,2024-11-20,2024-12-20,128360.45,128360.45,2024-12-22,Paid
142,195,2024-11-10,2024-12-10,4857.8,4857.8,2024-11-16,Paid
143,196,2024-11-20,2024-12-20,102723.68,102723.68,2024-12-10,Paid
144,197,2024-11-23,2024-12-23,9346.7,4673.35,2025-01-03,Partially Paid
145,198,2024-11-21,2024-12-21,129276.44,129276.44,2024-12-21,Paid
146,199,2024-11-19,2024-12-19,26545.68,26545.68,2024-12-19,Paid
147,201,2024-11-09,2024-12-09,109739.89,109739.89,2024-11-24,Paid
148,202,2024-11-19,2024-12-19,162735.64,162735.64,2024-12-11,Paid
149,203,2024-11-09,2024-12-09,81917.47,81917.47,2024-12-16,Paid
150,207,2024-11-14,2024-12-14,131148.77,0.0,,Unpaid
151,208,2024-12-01,2024-12-31,37124.81,37124.81,2024-12-06,Paid
152,209,2024-11-27,2024-12-27,59749.27,59749.27,2024-12-16,Paid
153,211,2024-11-10,2024-12-10,18018.62,18018.62,2024-11-25,Paid
154,212,2024-11-11,2024-12-11,64842.25,64842.25,2024-12-06,Paid
155,213,2024-11-26,2024-12-26,59356.74,59356.74,2025-01-05,Paid
156,214,2024-11-18,2024-12-18,30892.8,30892.8,2025-01-02,Paid
157,215,2024-11-22,2024-12-22,8074.92,8074.92,2024-12-02,Paid
158,217,2024-11-02,2024-12-02,61192.48,61192.48,2024-12-08,Paid
159,218,2024-12-16,2025-01-15,72114.71,0.0,,Unpaid
160,222,2024-12-08,2025-01-07,140922.43,140922.43,2024-12-15,Paid
161,223,2024-12-10,2025-01-09,42796.8,21398.4,2024-12-27,Partially Paid
162,224,2024-12-25,2025-01-24,115385.31,0.0,,Unpaid
163,225,2025-01-02,2025-02-01,130182.66,130182.66,2025-02-13,Paid
164,226,2024-12-12,2025-01-11,79199.41,39599.7,2025-01-25,Partially Paid
165,227,2024-12-21,2025-01-20,73299.57,73299.57,2025-01-11,Paid
166,228,2024-12-26,2025-01-25,120154.06,60077.03,2025-01-22,Partially Paid
167,230,2024-12-06,2025-01-05,40333.68,40333.68,2025-01-07,Paid
168,231,2024-12-30,2025-01-29,18359.52,18359.52,2025-02-08,Paid
169,232,2024-12-23,2025-01-22,41338.92,41338.92,2024-12-28,Paid
170,234,2024-12-23,2025-01-22,44177.75,44177.75,2025-01-13,Paid
171,235,2024-12-22,2025-01-21,23987.04,0.0,,Unpaid
172,236,2024-12-18,2025-01-17,153639.86,153639.86,2025-01-25,Paid
173,237,2024-12-21,2025-01-20,108206.24,108206.24,2025-01-11,Paid
174,239,2025-01-28,2025-02-27,179988.7,179988.7,2025-02-08,Paid
175,240,2025-02-01,2025-03-03,72606.55,72606.55,2025-02-27,Paid
176,241,2025-01-24,2025-02-23,109743.98,0.0,,Unpaid
177,247,2025-01-28,2025-02-27,55493.81,55493.81,2025-02-10,Paid
178,248,2025-01-27,2025-02-26,151283.93,151283.93,2025-03-06,Paid
179,249,2025-01-21,2025-02-20,181420.88,181420.88,2025-02-28,Paid
180,251,2025-01-13,2025-02-12,89902.94,89902.94,2025-02-22,Paid
181,252,2025-01-06,2025-02-05,90703.87,90703.87,2025-02-01,Paid
182,253,2025-01-19,2025-02-18,7756.16,7756.16,2025-02-05,Paid
183,254,2025-01-29,2025-02-28,109924.69,109924.69,2025-03-06,Paid
184,255,2025-01-07,2025-02-06,61395.6,61395.6,2025-01-22,Paid
185,257,2025-01-14,2025-02-13,155682.76,155682.76,2025-01-19,Paid
186,258,2025-01-08,2025-02-07,78019.59,78019.59,2025-01-31,Paid
187,259,2025-01-17,2025-02-16,160718.1,160718.1,2025-01-30,Paid
188,260,2025-01-04,2025-02-03,105408.72,52704.36,2025-01-25,Partially Paid
189,261,2025-02-02,2025-03-04,34324.32,34324.32,2025-03-05,Paid
190,262,2025-02-05,2025-03-07,126366.41,126366.41,2025-02-16,Paid
191,263,2025-02-21,2025-03-23,26341.92,26341.92,2025-03-31,Paid
192,264,2025-02-25,2025-03-27,85355.27,85355.27,2025-03-02,Paid
193,265,2025-03-01,2025-03-31,110602.75,110602.75,2025-03-12,Paid
194,266,2025-03-01,2025-03-31,155804.5,155804.5,2025-04-03,Paid
195,267,2025-02-27,2025-03-29,92978.23,92978.23,2025-03-14,Paid
196,268,2025-02-26,2025-03-28,47346.91,47346.91,2025-03-27,Paid
197,270,2025-02-22,2025-03-24,170696.39,170696.39,2025-04-03,Paid
198,271,2025-02-01,2025-03-03,189519.45,189519.45,2025-02-26,Paid
199,272,2025-02-12,2025-03-14,44048.74,44048.74,2025-03-17,Paid
200,273,2025-02-17,2025-03-19,75653.72,37826.86,2025-03-29,Partially Paid
201,274,2025-02-25,2025-03-27,52049.88,52049.88,2025-03-25,Paid
202,276,2025-02-15,2025-03-17,58571.7,58571.7,2025-03-31,Paid
203,278,2025-02-23,2025-03-25,220629.82,220629.82,2025-03-08,Paid
204,279,2025-02-24,2025-03-26,113226.12,0.0,,Unpaid
205,280,2025-02-06,2025-03-08,168161.27,168161.27,2025-03-23,Paid
206,283,2025-03-05,2025-04-04,127482.67,127482.67,2025-03-30,Paid
207,284,2025-03-03,2025-04-02,21337.34,21337.34,2025-04-11,Paid
208,285,2025-03-26,2025-04-25,16829.16,16829.16,2025-04-07,Paid
209,286,2025-03-15,2025-04-14,61489.78,30744.89,2025-04-27,Partially Paid
210,288,2025-03-20,2025-04-19,120241.54,0.0,,Unpaid
211,289,2025-03-25,2025-04-24,27128.78,27128.78,2025-04-17,Paid
212,291,2025-03-24,2025-04-23,66675.22,66675.22,2025-04-02,Paid
213,292,2025-03-16,2025-04-15,3270.96,3270.96,2025-04-25,Paid
214,293,2025-03-27,2025-04-26,38703.39,38703.39,2025-05-10,Paid
215,294,2025-03-21,2025-04-20,14074.64,14074.64,2025-04-14,Paid
216,296,2025-03-05,2025-04-04,31248.19,31248.19,2025-04-01,Paid
217,297,2025-04-01,2025-05-01,152265.32,152265.32,2025-04-10,Paid
218,298,2025-03-04,2025-04-03,56193.49,56193.49,2025-04-17,Paid
219,299,2025-03-11,2025-04-10,97969.13,97969.13,2025-03-30,Paid
220,300,2025-03-27,2025-04-26,62146.83,62146.83,2025-04-09,Paid
221,301,2025-03-09,2025-04-08,49452.62,49452.62,2025-04-20,Paid
222,303,2025-03-13,2025-04-12,36146.27,36146.27,2025-04-17,Paid
223,306,2025-03-21,2025-04-20,104585.29,104585.29,2025-05-03,Paid
224,307,2025-03-30,2025-04-29,26330.86,26330.86,2025-04-27,Paid
225,308,2025-04-30,2025-05-30,37544.26,37544.26,2025-06-11,Paid
226,309,2025-04-27,2025-05-27,40078.69,20039.34,2025-05-11,Partially Paid
227,311,2025-04-29,2025-05-29,67731.61,67731.61,2025-05-08,Paid
228,312,2025-04-16,2025-05-16,3985.38,3985.38,2025-05-29,Paid
229,315,2025-04-13,2025-05-13,149088.89,149088.89,2025-04-27,Paid
230,316,2025-04-22,2025-05-22,190860.31,190860.31,2025-05-16,Paid
231,317,2025-04-26,2025-05-26,57501.36,57501.36,2025-05-22,Paid
232,318,2025-04-23,2025-05-23,39225.29,39225.29,2025-05-07,Paid
233,319,2025-04-16,2025-05-16,47022.55,47022.55,2025-05-29,Paid
234,320,2025-04-23,2025-05-23,6022.35,6022.35,2025-06-05,Paid
235,321,2025-04-23,2025-05-23,12278.64,0.0,,Unpaid
236,322,2025-04-23,2025-05-23,222523.96,222523.96,2025-05-10,Paid
237,323,2025-04-21,2025-05-21,9738.61,9738.61,2025-05-03,Paid
238,324,2025-04-29,2025-05-29,276689.08,276689.08,2025-05-20,Paid
239,326,2025-04-28,2025-05-28,35455.22,17727.61,2025-05-20,Partially Paid
240,330,2025-04-28,2025-05-28,88705.76,88705.76,2025-05-16,Paid
241,331,2025-04-06,2025-05-06,87581.34,87581.34,2025-05-06,Paid
242,332,2025-04-07,2025-05-07,111667.88,111667.88,2025-04-20,Paid
243,333,2025-04-21,2025-05-21,50585.3,50585.3,2025-05-02,Paid
244,334,2025-05-12,2025-06-11,34188.71,34188.71,2025-06-20,Paid
245,335,2025-05-15,2025-06-14,120175.58,120175.58,2025-05-24,Paid
246,336,2025-05-14,2025-06-13,73684.94,73684.94,2025-05-30,Paid
247,337,2025-05-24,2025-06-23,120844.31,120844.31,2025-06-23,Paid
248,338,2025-05-06,2025-06-05,27611.41,27611.41,2025-05-19,Paid
249,339,2025-05-30,2025-06-29,23595.72,23595.72,2025-07-08,Paid
250,340,2025-05-18,2025-06-17,228270.33,228270.33,2025-06-18,Paid
251,341,2025-05-11,2025-06-10,186135.16,186135.16,2025-06-20,Paid
252,343,2025-05-28,2025-06-27,100962.6,100962.6,2025-07-01,Paid
253,344,2025-05-12,2025-06-11,18877.63,18877.63,2025-05-31,Paid
254,345,2025-05-02,2025-06-01,68495.45,68495.45,2025-06-01,Paid
255,346,2025-05-17,2025-06-16,182583.88,182583.88,2025-05-24,Paid
256,348,2025-05-10,2025-06-09,9369.0,9369.0,2025-05-25,Paid
257,349,2025-05-05,2025-06-04,89355.43,89355.43,2025-05-15,Paid
258,350,2025-05-19,2025-06-18,128904.92,128904.92,2025-05-25,Paid
259,351,2025-05-26,2025-06-25,26587.74,26587.74,2025-07-01,Paid
260,352,2025-05-08,2025-06-07,61000.96,61000.96,2025-06-11,Paid
261,353,2025-05-17,2025-06-16,68995.59,68995.59,2025-06-25,Paid
262,354,2025-05-20,2025-06-19,99964.9,99964.9,2025-05-27,Paid
263,355,2025-05-27,2025-06-26,91483.5,91483.5,2025-07-11,Paid
264,356,2025-05-18,2025-06-17,54287.51,54287.51,2025-06-26,Paid
265,357,2025-06-07,2025-07-07,82273.38,82273.38,2025-07-18,Paid
266,358,2025-06-17,2025-07-17,117206.11,58603.06,2025-07-27,Partially Paid
267,360,2025-06-03,2025-07-03,98104.2,98104.2,2025-06-25,Paid
268,361,2025-06-18,2025-07-18,75990.95,75990.95,2025-07-29,Paid
269,362,2025-06-03,2025-07-03,130951.6,65475.8,2025-06-29,Partially Paid
270,365,2025-06-25,2025-07-25,59216.27,59216.27,2025-07-03,Paid
271,366,2025-06-10,2025-07-10,184870.25,184870.25,2025-07-12,Paid
272,367,2025-07-02,2025-08-01,4271.41,4271.41,2025-07-29,Paid
273,369,2025-06-23,2025-07-23,102190.48,51095.24,2025-07-07,Partially Paid
274,370,2025-06-11,2025-07-11,31784.62,31784.62,2025-07-20,Paid
275,371,2025-06-18,2025-07-18,139713.7,139713.7,2025-06-26,Paid
276,372,2025-06-28,2025-07-28,105663.28,52831.64,2025-07-04,Partially Paid
277,373,2025-06-13,2025-07-13,140584.22,140584.22,2025-07-21,Paid
278,374,2025-06-18,2025-07-18,69006.68,69006.68,2025-07-25,Paid
279,375,2025-06-24,2025-07-24,109730.11,109730.11,2025-08-07,Paid
280,376,2025-06-09,2025-07-09,89115.47,89115.47,2025-07-17,Paid
281,380,2025-07-21,2025-08-20,67453.53,67453.53,2025-09-02,Paid
282,381,2025-07-22,2025-08-21,101595.45,101595.45,2025-08-08,Paid
283,384,2025-07-28,2025-08-27,2403.88,1201.94,2025-08-20,Partially Paid
284,385,2025-07-17,2025-08-16,78906.6,78906.6,2025-08-19,Paid
285,386,2025-07-17,2025-08-16,116013.49,116013.49,2025-08-01,Paid
286,387,2025-07-07,2025-08-06,104558.38,104558.38,2025-07-22,Paid
287,388,2025-07-30,2025-08-29,20911.25,20911.25,2025-09-01,Paid
288,389,2025-07-09,2025-08-08,9075.71,4537.85,2025-08-17,Partially Paid
289,390,2025-07-29,2025-08-28,52204.96,52204.96,2025-09-07,Paid
290,391,2025-07-21,2025-08-20,52987.47,52987.47,2025-07-28,Paid
291,392,2025-07-11,2025-08-10,4744.15,4744.15,2025-08-03,Paid
292,393,2025-07-23,2025-08-22,126166.15,126166.15,2025-08-05,Paid
293,394,2025-07-30,2025-08-29,114842.58,114842.58,2025-08-24,Paid
294,396,2025-07-24,2025-08-23,93424.42,93424.42,2025-08-24,Paid
295,397,2025-07-13,2025-08-12,96417.28,96417.28,2025-08-22,Paid
296,398,2025-07-07,2025-08-06,128878.86,64439.43,2025-07-14,Partially Paid
297,399,2025-07-07,2025-08-06,88324.73,88324.73,2025-08-03,Paid
298,401,2025-08-31,2025-09-30,10680.32,5340.16,2025-09-28,Partially Paid
299,402,2025-08-07,2025-09-06,130114.39,130114.39,2025-08-13,Paid
300,403,2025-08-05,2025-09-04,161104.07,161104.07,2025-09-12,Paid
301,405,2025-08-09,2025-09-08,104231.75,104231.75,2025-08-31,Paid
302,406,2025-08-29,2025-09-28,82998.23,82998.23,2025-09-04,Paid
303,407,2025-08-03,2025-09-02,15019.16,15019.16,2025-09-14,Paid
304,408,2025-08-24,2025-09-23,98837.72,98837.72,2025-09-27,Paid
305,409,2025-08-13,2025-09-12,156149.94,156149.94,2025-08-22,Paid
306,410,2025-08-12,2025-09-11,55888.56,55888.56,2025-08-23,Paid
307,411,2025-08-22,2025-09-21,55305.65,0.0,,Unpaid
308,412,2025-08-14,2025-09-13,169967.98,169967.98,2025-08-25,Paid
309,414,2025-08-16,2025-09-15,8177.4,8177.4,2025-08-30,Paid
310,415,2025-08-13,2025-09-12,62791.68,62791.68,2025-09-05,Paid
311,416,2025-08-31,2025-09-30,86567.8,86567.8,2025-09-23,Paid
312,417,2025-08-17,2025-09-16,125158.14,125158.14,2025-09-14,Paid
313,420,2025-09-22,2025-10-22,107786.58,107786.58,2025-10-31,Paid
314,422,2025-09-18,2025-10-18,47216.8,47216.8,2025-10-14,Paid
315,423,2025-09-18,2025-10-18,112096.75,112096.75,2025-10-29,Paid
316,424,2025-09-21,2025-10-21,90480.12,90480.12,2025-10-01,Paid
317,426,2025-09-25,2025-10-25,133567.52,133567.52,2025-10-09,Paid
318,427,2025-09-28,2025-10-28,45558.65,45558.65,2025-11-06,Paid
319,428,2025-09-22,2025-10-22,88661.16,88661.16,2025-10-31,Paid
320,429,2025-09-29,2025-10-29,52307.79,52307.79,2025-11-10,Paid
321,430,2025-09-11,2025-10-11,4042.03,4042.03,2025-10-19,Paid
322,431,2025-09-16,2025-10-16,30857.64,0.0,,Unpaid
323,433,2025-10-02,2025-11-01,37451.94,18725.97,2025-10-24,Partially Paid
324,434,2025-10-01,2025-10-31,84794.89,0.0,,Unpaid
325,435,2025-09-18,2025-10-18,34589.02,34589.02,2025-09-29,Paid
326,436,2025-09-11,2025-10-11,27073.21,27073.21,2025-09-17,Paid
327,437,2025-09-23,2025-10-23,21252.45,10626.23,2025-11-03,Partially Paid
328,439,2025-09-12,2025-10-12,102389.1,102389.1,2025-10-11,Paid
329,440,2025-09-26,2025-10-26,13660.68,13660.68,2025-10-09,Paid
330,441,2025-09-03,2025-10-03,107684.09,107684.09,2025-09-10,Paid
331,443,2025-09-07,2025-10-07,58174.46,58174.46,2025-09-24,Paid
332,445,2025-10-05,2025-11-04,43386.21,43386.21,2025-11-10,Paid
333,446,2025-10-04,2025-11-03,34485.49,34485.49,2025-10-22,Paid
334,447,2025-10-10,2025-11-09,70134.49,70134.49,2025-11-17,Paid
335,449,2025-10-21,2025-11-20,102458.15,102458.15,2025-10-29,Paid
336,451,2025-10-28,2025-11-27,45473.23,22736.62,2025-11-06,Partially Paid
337,452,2025-10-18,2025-11-17,89935.44,89935.44,2025-10-31,Paid
338,453,2025-10-20,2025-11-19,68390.92,34195.46,2025-12-02,Partially Paid
339,454,2025-11-03,2025-12-03,88382.44,44191.22,2025-11-21,Partially Paid
340,455,2025-10-28,2025-11-27,106556.87,106556.87,2025-12-09,Paid
341,456,2025-11-01,2025-12-01,178537.59,178537.59,2025-11-06,Paid
342,457,2025-10-08,2025-11-07,43090.57,21545.29,2025-11-19,Partially Paid
343,460,2025-10-13,2025-11-12,154653.01,154653.01,2025-11-01,Paid
344,461,2025-10-31,2025-11-30,68128.68,68128.68,2025-11-28,Paid
345,463,2025-10-05,2025-11-04,9021.87,9021.87,2025-11-19,Paid
346,465,2025-10-20,2025-11-19,55807.16,55807.16,2025-11-08,Paid
347,468,2025-10-05,2025-11-04,26363.7,13181.85,2025-10-19,Partially Paid
348,469,2025-10-08,2025-11-07,236746.04,118373.02,2025-10-21,Partially Paid
349,470,2025-10-10,2025-11-09,41689.56,41689.56,2025-11-12,Paid
350,471,2025-10-15,2025-11-14,81352.68,81352.68,2025-11-11,Paid
351,473,2025-11-10,2025-12-10,56146.44,56146.44,2025-12-25,Paid
352,474,2025-11-09,2025-12-09,159647.73,159647.73,2025-11-14,Paid
353,476,2025-11-22,2025-12-22,131559.81,131559.81,2025-12-05,Paid
354,477,2025-11-03,2025-12-03,118809.19,118809.19,2025-11-28,Paid
355,478,2025-11-24,2025-12-24,59573.3,59573.3,2025-12-25,Paid
356,479,2025-11-04,2025-12-04,146270.87,146270.87,2025-11-28,Paid
357,480,2025-11-28,2025-12-28,166474.2,166474.2,2025-12-08,Paid
358,482,2025-11-08,2025-12-08,290356.48,290356.48,2025-11-25,Paid
359,483,2025-11-13,2025-12-13,30018.14,30018.14,2025-11-22,Paid
360,484,2025-11-25,2025-12-25,3829.66,1914.83,2026-01-01,Partially Paid
361,485,2025-11-23,2025-12-23,127135.06,127135.06,2025-12-31,Paid
362,486,2025-11-27,2025-12-27,45459.64,45459.64,2025-12-30,Paid
363,487,2025-11-14,2025-12-14,130498.46,130498.46,2025-12-14,Paid
364,490,2025-11-12,2025-12-12,14112.13,14112.13,2025-11-28,Paid
365,491,2025-11-25,2025-12-25,98804.42,98804.42,2025-12-16,Paid
366,493,2025-11-09,2025-12-09,72932.42,72932.42,2025-12-18,Paid
367,494,2025-11-19,2025-12-19,61930.25,61930.25,2025-12-16,Paid
368,495,2025-11-04,2025-12-04,59715.7,59715.7,2025-12-16,Paid
369,496,2025-11-11,2025-12-11,45155.64,22577.82,2025-11-23,Partially Paid
370,497,2025-11-04,2025-12-04,24287.05,24287.05,2025-12-09,Paid
371,498,2025-11-13,2025-12-13,103747.02,103747.02,2025-12-07,Paid
372,499,2025-11-09,2025-12-09,14848.05,14848.05,2025-12-20,Paid
373,500,2025-12-22,2026-01-21,31131.36,31131.36,2026-01-29,Paid
374,501,2025-12-10,2026-01-09,37918.5,37918.5,2026-01-04,Paid
375,502,2025-12-16,2026-01-15,198976.08,99488.04,2026-01-30,Partially Paid
376,503,2025-12-10,2026-01-09,19745.4,19745.4,2025-12-19,Paid
377,504,2025-12-29,2026-01-28,60232.54,60232.54,2026-01-22,Paid
378,508,2025-12-30,2026-01-29,204650.68,204650.68,2026-01-10,Paid
379,509,2025-12-12,2026-01-11,52477.67,52477.67,2026-01-03,Paid
380,510,2025-12-18,2026-01-17,88009.06,88009.06,2026-01-15,Paid
381,511,2025-12-31,2026-01-30,212402.07,212402.07,2026-01-31,Paid
382,512,2025-12-30,2026-01-29,239277.4,239277.4,2026-02-08,Paid
383,513,2025-12-24,2026-01-23,42795.94,42795.94,2026-01-10,Paid
384,514,2025-12-12,2026-01-11,27155.97,27155.97,2026-01-12,Paid
385,516,2025-12-03,2026-01-02,49412.46,24706.23,2026-01-16,Partially Paid
386,517,2025-12-31,2026-01-30,69169.21,34584.61,2026-01-12,Partially Paid
387,518,2025-12-18,2026-01-17,64967.49,64967.49,2026-01-10,Paid
388,519,2025-12-07,2026-01-06,80662.14,80662.14,2026-01-10,Paid
389,520,2025-12-16,2026-01-15,94469.76,94469.76,2025-12-24,Paid
390,525,2026-01-04,2026-02-03,13231.4,0.0,,Unpaid
391,526,2026-01-16,2026-02-15,38194.36,38194.36,2026-02-22,Paid
392,527,2026-01-29,2026-02-28,110452.16,110452.16,2026-03-06,Paid
393,528,2026-01-01,2026-01-31,14325.3,14325.3,2026-01-15,Paid
394,530,2026-01-29,2026-02-28,64916.09,64916.09,2026-02-28,Paid
395,531,2026-01-29,2026-02-28,203642.34,203642.34,2026-02-09,Paid
396,532,2026-01-10,2026-02-09,144063.91,144063.91,2026-02-16,Paid
397,533,2026-01-24,2026-02-23,68067.28,68067.28,2026-02-03,Paid
398,535,2026-01-19,2026-02-18,21730.52,21730.52,2026-03-02,Paid
399,536,2026-01-04,2026-02-03,79481.98,79481.98,2026-01-25,Paid
400,537,2026-01-10,2026-02-09,120437.44,120437.44,2026-02-23,Paid
401,539,2026-01-22,2026-02-21,50192.73,50192.73,2026-01-28,Paid
402,540,2026-01-29,2026-02-28,98038.85,98038.85,2026-03-02,Paid
403,541,2026-01-24,2026-02-23,124863.98,124863.98,2026-02-18,Paid
404,543,2026-01-18,2026-02-17,34909.82,0.0,,Unpaid
405,545,2026-01-06,2026-02-05,40066.66,40066.66,2026-02-01,Paid
406,546,2026-01-20,2026-02-19,141937.58,141937.58,2026-02-22,Paid
407,548,2026-01-18,2026-02-17,11755.77,11755.77,2026-01-30,Paid
408,550,2026-01-20,2026-02-19,9716.0,4858.0,2026-02-23,Partially Paid
409,553,2026-02-17,2026-03-19,166725.57,166725.57,2026-03-19,Paid
410,554,2026-02-05,2026-03-07,97478.34,97478.34,2026-03-22,Paid
411,556,2026-02-11,2026-03-13,13363.69,13363.69,2026-03-06,Paid
412,557,2026-02-05,2026-03-07,77669.78,77669.78,2026-02-18,Paid
413,558,2026-02-16,2026-03-18,135333.86,135333.86,2026-03-22,Paid
414,561,2026-02-15,2026-03-17,126121.51,126121.51,2026-03-27,Paid
415,562,2026-03-03,2026-04-02,118299.09,118299.09,2026-04-05,Paid
416,563,2026-02-11,2026-03-13,160939.18,160939.18,2026-03-07,Paid
417,564,2026-02-04,2026-03-06,4668.59,0.0,,Unpaid
418,565,2026-02-26,2026-03-28,82586.59,0.0,,Unpaid
419,567,2026-02-10,2026-03-12,11878.44,11878.44,2026-02-20,Paid
420,568,2026-02-14,2026-03-16,10171.72,10171.72,2026-02-25,Paid
421,570,2026-02-28,2026-03-30,1907.2,1907.2,2026-03-09,Paid
422,571,2026-02-14,2026-03-16,12701.95,12701.95,2026-03-26,Paid
423,572,2026-02-21,2026-03-23,24105.9,24105.9,2026-03-08,Paid
424,574,2026-03-01,2026-03-31,168384.98,84192.49,2026-03-19,Partially Paid
425,575,2026-02-28,2026-03-30,24920.72,24920.72,2026-03-13,Paid
426,576,2026-02-19,2026-03-21,27029.02,27029.02,2026-03-30,Paid
427,577,2026-03-23,2026-04-22,6135.3,0.0,,Unpaid
428,578,2026-03-13,2026-04-12,64651.12,64651.12,2026-04-01,Paid
429,581,2026-03-23,2026-04-22,51928.22,25964.11,2026-04-14,Partially Paid
430,583,2026-03-19,2026-04-18,1800.25,1800.25,2026-04-13,Paid
431,584,2026-03-10,2026-04-09,73832.56,73832.56,2026-04-21,Paid
432,585,2026-03-27,2026-04-26,31024.66,31024.66,2026-05-04,Paid
433,586,2026-03-25,2026-04-24,113623.14,56811.57,2026-04-27,Partially Paid
434,587,2026-03-20,2026-04-19,35920.8,35920.8,2026-04-18,Paid
435,589,2026-03-05,2026-04-04,20336.05,20336.05,2026-03-10,Paid
436,590,2026-03-06,2026-04-05,73114.99,73114.99,2026-04-19,Paid
437,591,2026-03-11,2026-04-10,6242.3,6242.3,2026-04-07,Paid
438,592,2026-03-31,2026-04-30,47141.61,0.0,,Unpaid
439,593,2026-03-22,2026-04-21,4463.93,4463.93,2026-04-08,Paid
440,594,2026-04-02,2026-05-02,13332.52,13332.52,2026-05-06,Paid
441,596,2026-03-07,2026-04-06,44386.23,44386.23,2026-03-21,Paid
442,597,2026-03-08,2026-04-07,35906.84,35906.84,2026-04-17,Paid
443,598,2026-03-09,2026-04-08,112595.76,112595.76,2026-04-06,Paid
444,600,2026-03-31,2026-04-30,169084.93,169084.93,2026-05-05,Paid
445,601,2026-03-09,2026-04-08,140052.7,140052.7,2026-04-20,Paid
446,603,2026-03-28,2026-04-27,87498.09,87498.09,2026-05-03,Paid
447,604,2026-03-15,2026-04-14,85227.38,42613.69,2026-03-26,Partially Paid
448,605,2026-03-14,2026-04-13,52694.46,52694.46,2026-04-26,Paid
449,606,2026-04-24,2026-05-24,200815.4,200815.4,2026-05-31,Paid
450,607,2026-04-11,2026-05-11,74337.21,74337.21,2026-05-15,Paid
451,609,2026-04-28,2026-05-28,50979.57,50979.57,2026-05-04,Paid
452,610,2026-05-03,2026-06-02,52716.04,52716.04,2026-06-13,Paid
453,611,2026-05-02,2026-06-01,72614.77,72614.77,2026-05-19,Paid
454,612,2026-04-13,2026-05-13,42995.66,42995.66,2026-04-25,Paid
455,613,2026-04-15,2026-05-15,65994.45,32997.22,2026-05-09,Partially Paid
456,614,2026-04-24,2026-05-24,138637.04,69318.52,2026-05-30,Partially Paid
457,615,2026-04-21,2026-05-21,59190.42,59190.42,2026-05-15,Paid
458,617,2026-05-03,2026-06-02,161512.08,161512.08,2026-06-12,Paid
459,619,2026-04-12,2026-05-12,7323.97,7323.97,2026-05-16,Paid
460,620,2026-04-04,2026-05-04,64078.58,64078.58,2026-05-17,Paid
461,621,2026-04-11,2026-05-11,66054.05,66054.05,2026-04-19,Paid
462,622,2026-04-24,2026-05-24,51453.3,51453.3,2026-04-29,Paid
463,623,2026-04-25,2026-05-25,6363.66,0.0,,Unpaid
464,624,2026-04-22,2026-05-22,45060.14,45060.14,2026-05-17,Paid
465,625,2026-04-08,2026-05-08,74357.84,74357.84,2026-04-17,Paid
466,626,2026-04-23,2026-05-23,29148.0,0.0,,Unpaid
467,628,2026-04-11,2026-05-11,200876.58,200876.58,2026-05-09,Paid
468,629,2026-04-09,2026-05-09,37888.12,37888.12,2026-05-04,Paid
469,631,2026-04-24,2026-05-24,65355.12,65355.12,2026-06-05,Paid
470,632,2026-04-11,2026-05-11,54882.72,0.0,,Unpaid
471,634,2026-04-17,2026-05-17,209447.07,209447.07,2026-05-11,Paid
472,635,2026-04-15,2026-05-15,174750.27,174750.27,2026-05-16,Paid
473,636,2026-04-15,2026-05-15,63228.55,0.0,,Unpaid
474,637,2026-05-23,2026-06-22,57350.37,57350.37,2026-06-06,Paid
475,639,2026-05-28,2026-06-27,64149.34,64149.34,2026-06-28,Paid
476,640,2026-05-24,2026-06-23,32354.54,32354.54,2026-06-02,Paid
477,641,2026-05-15,2026-06-14,81045.94,81045.94,2026-05-31,Paid
478,643,2026-05-16,2026-06-15,10232.6,10232.6,2026-05-23,Paid
479,645,2026-06-01,2026-07-01,106238.27,106238.27,2026-06-13,Paid
480,646,2026-06-03,2026-07-03,20505.03,20505.03,2026-06-08,Paid
481,647,2026-05-02,2026-06-01,33449.31,33449.31,2026-06-01,Paid
482,648,2026-05-12,2026-06-11,176127.31,176127.31,2026-05-22,Paid
483,651,2026-05-26,2026-06-25,74271.32,74271.32,2026-06-24,Paid
484,652,2026-05-26,2026-06-25,68358.28,68358.28,2026-06-08,Paid
485,653,2026-05-20,2026-06-19,68367.79,68367.79,2026-07-02,Paid
486,654,2026-05-04,2026-06-03,78502.87,78502.87,2026-05-28,Paid
487,655,2026-05-04,2026-06-03,146981.21,73490.6,2026-05-20,Partially Paid
488,656,2026-05-16,2026-06-15,69761.06,0.0,,Unpaid
489,657,2026-05-03,2026-06-02,101404.69,101404.69,2026-05-27,Paid
490,658,2026-05-06,2026-06-05,74388.26,74388.26,2026-05-20,Paid
491,662,2026-05-23,2026-06-22,107579.16,107579.16,2026-06-03,Paid
492,665,2026-06-07,2026-07-07,19304.46,19304.46,2026-07-16,Paid
493,666,2026-06-24,2026-07-24,123750.64,123750.64,2026-07-21,Paid
494,667,2026-06-18,2026-07-18,13445.81,13445.81,2026-07-06,Paid
495,668,2026-06-19,2026-07-19,69662.42,69662.42,2026-06-29,Paid
496,670,2026-06-22,2026-07-22,119417.67,119417.67,2026-07-04,Paid
497,671,2026-06-24,2026-07-24,47055.96,23527.98,2026-07-16,Partially Paid
498,672,2026-06-11,2026-07-11,102493.52,102493.52,2026-07-04,Paid
499,673,2026-06-21,2026-07-21,37095.41,37095.41,2026-07-30,Paid
500,675,2026-07-02,2026-08-01,24914.85,0.0,,Unpaid
501,677,2026-06-05,2026-07-05,31276.74,31276.74,2026-07-11,Paid
502,678,2026-06-22,2026-07-22,76858.46,76858.46,2026-08-05,Paid
503,679,2026-06-03,2026-07-03,104434.52,0.0,,Unpaid
504,680,2026-06-14,2026-07-14,57139.38,57139.38,2026-06-26,Paid
505,681,2026-06-16,2026-07-16,80553.77,40276.89,2026-07-30,Partially Paid
506,682,2026-06-12,2026-07-12,81492.75,81492.75,2026-06-29,Paid
507,684,2026-06-30,2026-07-30,17878.83,17878.83,2026-07-23,Paid
508,685,2026-06-16,2026-07-16,58601.83,58601.83,2026-06-29,Paid
509,686,2026-06-19,2026-07-19,80140.58,80140.58,2026-08-01,Paid
510,687,2026-06-17,2026-07-17,70176.05,70176.05,2026-07-19,Paid
511,689,2026-06-22,2026-07-22,76938.1,76938.1,2026-08-05,Paid
512,690,2026-06-28,2026-07-28,56341.13,56341.13,2026-07-20,Paid
513,691,2026-07-14,2026-08-13,4290.32,4290.32,2026-08-08,Paid
514,692,2026-07-18,2026-08-17,96888.66,96888.66,2026-08-15,Paid
515,693,2026-07-20,2026-08-19,93927.23,93927.23,2026-08-06,Paid
516,699,2026-07-27,2026-08-26,178939.68,178939.68,2026-08-15,Paid
517,700,2026-07-10,2026-08-09,28780.4,14390.2,2026-08-01,Partially Paid
518,702,2026-07-14,2026-08-13,106004.71,0.0,,Unpaid
519,704,2026-07-11,2026-08-10,127913.08,63956.54,2026-07-27,Partially Paid
520,705,2026-07-11,2026-08-10,4541.24,4541.24,2026-08-10,Paid
521,706,2026-07-17,2026-08-16,19716.53,19716.53,2026-07-22,Paid
522,708,2026-07-05,2026-08-04,119563.47,119563.47,2026-07-28,Paid
523,710,2026-07-21,2026-08-20,106986.79,53493.4,2026-09-02,Partially Paid
524,711,2026-07-14,2026-08-13,170881.89,85440.94,2026-07-28,Partially Paid
525,712,2026-07-07,2026-08-06,121209.32,121209.32,2026-08-08,Paid
526,713,2026-07-15,2026-08-14,69947.69,69947.69,2026-08-26,Paid
527,716,2026-08-13,2026-09-12,66809.08,66809.08,2026-08-24,Paid
528,719,2026-08-23,2026-09-22,1161.91,1161.91,2026-09-08,Paid
529,720,2026-08-04,2026-09-03,143497.28,0.0,,Unpaid
530,721,2026-08-07,2026-09-06,9721.35,9721.35,2026-09-10,Paid
531,722,2026-08-21,2026-09-20,119376.74,119376.74,2026-09-05,Paid
532,723,2026-08-04,2026-09-03,14052.15,14052.15,2026-08-11,Paid
533,727,2026-08-06,2026-09-05,25622.52,25622.52,2026-08-20,Paid
