opex_id,month,category,amount
1,2024-01,Salaries,76865.11
2,2024-01,Rent,31519.76
3,2024-01,Logistics,19677.76
4,2024-01,Marketing,9862.07
5,2024-01,Utilities,6568.59
6,2024-01,IT & Software,6945.63
7,2024-02,Salaries,87840.22
8,2024-02,Rent,32901.81
9,2024-02,Logistics,16973.08
10,2024-02,Marketing,9929.94
11,2024-02,Utilities,6742.26
12,2024-02,IT & Software,6592.25
13,2024-03,Salaries,94488.91
14,2024-03,Rent,31567.27
15,2024-03,Logistics,19724.21
16,2024-03,Marketing,9123.62
17,2024-03,Utilities,6470.14
18,2024-03,IT & Software,7360.52
19,2024-04,Salaries,97385.7
20,2024-04,Rent,29154.02
21,2024-04,Logistics,18404.8
22,2024-04,Marketing,9338.21
23,2024-04,Utilities,6733.19
24,2024-04,IT & Software,7432.87
25,2024-05,Salaries,93210.68
26,2024-05,Rent,33282.21
27,2024-05,Logistics,17331.43
28,2024-05,Marketing,8475.51
29,2024-05,Utilities,5589.36
30,2024-05,IT & Software,6428.48
31,2024-06,Salaries,94391.35
32,2024-06,Rent,33781.24
33,2024-06,Logistics,17547.83
34,2024-06,Marketing,9196.25
35,2024-06,Utilities,5723.36
36,2024-06,IT & Software,7613.11
37,2024-07,Salaries,89046.64
38,2024-07,Rent,28048.84
39,2024-07,Logistics,17983.62
40,2024-07,Marketing,10126.13
41,2024-07,Utilities,5779.38
42,2024-07,IT & Software,7547.56
43,2024-08,Salaries,80849.71
44,2024-08,Rent,34197.14
45,2024-08,Logistics,16854.92
46,2024-08,Marketing,8327.89
47,2024-08,Utilities,5925.83
48,2024-08,IT & Software,7852.33
49,2024-09,Salaries,78160.12
50,2024-09,Rent,33158.21
51,2024-09,Logistics,16382.36
52,2024-09,Marketing,10006.14
53,2024-09,Utilities,5897.18
54,2024-09,IT & Software,7186.76
55,2024-10,Salaries,78652.68
56,2024-10,Rent,31211.93
57,2024-10,Logistics,18492.78
58,2024-10,Marketing,8935.35
59,2024-10,Utilities,5901.06
60,2024-10,IT & Software,6907.12
61,2024-11,Salaries,84319.31
62,2024-11,Rent,31392.16
63,2024-11,Logistics,19613.22
64,2024-11,Marketing,9256.44
65,2024-11,Utilities,6221.98
66,2024-11,IT & Software,7185.41
67,2024-12,Salaries,79758.26
68,2024-12,Rent,29476.14
69,2024-12,Logistics,19491.52
70,2024-12,Marketing,8423.89
71,2024-12,Utilities,5694.5
72,2024-12,IT & Software,6782.58
73,2025-01,Salaries,77435.29
74,2025-01,Rent,27997.07
75,2025-01,Logistics,17071.49
76,2025-01,Marketing,10087.12
77,2025-01,Utilities,6252.28
78,2025-01,IT & Software,6668.58
79,2025-02,Salaries,79972.07
80,2025-02,Rent,32454.28
81,2025-02,Logistics,17185.93
82,2025-02,Marketing,8472.61
83,2025-02,Utilities,5571.36
84,2025-02,IT & Software,7720.46
85,2025-03,Salaries,91968.34
86,2025-03,Rent,30516.95
87,2025-03,Logistics,18796.7
88,2025-03,Marketing,10127.98
89,2025-03,Utilities,6347.29
90,2025-03,IT & Software,6572.3
91,2025-04,Salaries,91726.99
92,2025-04,Rent,29092.23
93,2025-04,Logistics,20234.66
94,2025-04,Marketing,8150.01
95,2025-04,Utilities,5892.23
96,2025-04,IT & Software,7173.03
97,2025-05,Salaries,85100.07
98,2025-05,Rent,29252.57
99,2025-05,Logistics,16679.24
100,2025-05,Marketing,8603.16
101,2025-05,Utilities,6721.12
102,2025-05,IT & Software,7884.06
103,2025-06,Salaries,91319.36
104,2025-06,Rent,30094.84
105,2025-06,Logistics,18749.58
106,2025-06,Marketing,8645.61
107,2025-06,Utilities,6822.74
108,2025-06,IT & Software,7656.19
109,2025-07,Salaries,77709.19
110,2025-07,Rent,30241.26
111,2025-07,Logistics,20602.61
112,2025-07,Marketing,8933.36
113,2025-07,Utilities,6129.78
114,2025-07,IT & Software,7923.71
115,2025-08,Salaries,81048.11
116,2025-08,Rent,28763.33
117,2025-08,Logistics,19820.38
118,2025-08,Marketing,9445.46
119,2025-08,Utilities,6679.8
120,2025-08,IT & Software,6444.04
121,2025-09,Salaries,79688.48
122,2025-09,Rent,33724.36
123,2025-09,Logistics,19771.15
124,2025-09,Marketing,8441.75
125,2025-09,Utilities,6106.81
126,2025-09,IT & Software,6809.99
127,2025-10,Salaries,90923.22
128,2025-10,Rent,32249.88
129,2025-10,Logistics,16593.84
130,2025-10,Marketing,8796.98
131,2025-10,Utilities,6894.47
132,2025-10,IT & Software,6369.15
133,2025-11,Salaries,96104.21
134,2025-11,Rent,33727.92
135,2025-11,Logistics,18406.62
136,2025-11,Marketing,8755.71
137,2025-11,Utilities,5507.52
138,2025-11,IT & Software,6542.58
139,2025-12,Salaries,94613.4
140,2025-12,Rent,32820.56
141,2025-12,Logistics,18433.87
142,2025-12,Marketing,8738.32
143,2025-12,Utilities,5907.99
144,2025-12,IT & Software,7127.16
145,2026-01,Salaries,96723.72
146,2026-01,Rent,31901.17
147,2026-01,Logistics,18080.86
148,2026-01,Marketing,9887.08
149,2026-01,Utilities,6399.38
150,2026-01,IT & Software,7107.25
151,2026-02,Salaries,77281.95
152,2026-02,Rent,33563.56
153,2026-02,Logistics,20692.02
154,2026-02,Marketing,9726.23
155,2026-02,Utilities,5899.09
156,2026-02,IT & Software,6718.69
157,2026-03,Salaries,85209.96
158,2026-03,Rent,32012.02
159,2026-03,Logistics,19482.21
160,2026-03,Marketing,9695.5
161,2026-03,Utilities,6384.27
162,2026-03,IT & Software,6983.89
163,2026-04,Salaries,77539.38
164,2026-04,Rent,33027.21
165,2026-04,Logistics,19856.33
166,2026-04,Marketing,10274.74
167,2026-04,Utilities,6693.86
168,2026-04,IT & Software,7727.62
169,2026-05,Salaries,91531.92
170,2026-05,Rent,34185.49
171,2026-05,Logistics,20106.6
172,2026-05,Marketing,10055.64
173,2026-05,Utilities,5775.9
174,2026-05,IT & Software,7832.16
175,2026-06,Salaries,77393.04
176,2026-06,Rent,30845.88
177,2026-06,Logistics,17450.38
178,2026-06,Marketing,8506.15
179,2026-06,Utilities,5413.84
180,2026-06,IT & Software,6900.19
181,2026-07,Salaries,83665.07
182,2026-07,Rent,32786.76
183,2026-07,Logistics,17107.71
184,2026-07,Marketing,9630.8
185,2026-07,Utilities,6516.08
186,2026-07,IT & Software,6983.71
187,2026-08,Salaries,89047.87
188,2026-08,Rent,28474.96
189,2026-08,Logistics,19490.72
190,2026-08,Marketing,10269.32
191,2026-08,Utilities,5835.29
192,2026-08,IT & Software,7098.76
