order_item_id,order_id,product_id,quantity,unit_price,discount_pct
1,1,14,33,1041.0,0
2,1,17,59,1140.88,0
3,1,33,7,1607.06,15
4,2,11,47,1774.9,5
5,2,29,37,136.34,0
6,2,36,9,1355.94,0
7,3,20,25,1115.25,0
8,4,10,58,273.39,5
9,4,16,3,145.88,0
10,4,11,49,1774.9,0
11,4,12,52,1072.58,5
12,5,30,21,581.03,0
13,5,23,16,413.96,0
14,6,35,58,989.87,0
15,6,22,13,1120.38,10
16,6,2,18,1345.82,0
17,6,8,8,2085.52,10
18,7,13,35,126.52,10
19,7,17,45,1140.88,15
20,7,3,49,790.93,15
21,7,28,44,2174.63,0
22,7,1,25,2046.52,5
23,8,33,22,1607.06,5
24,8,20,46,1115.25,0
25,8,27,37,147.29,0
26,9,37,27,1417.24,10
27,9,20,55,1115.25,0
28,10,21,32,782.44,15
29,10,30,12,581.03,15
30,10,29,7,136.34,0
31,10,14,34,1041.0,15
32,10,33,42,1607.06,10
33,11,3,17,790.93,5
34,12,26,59,636.68,0
35,12,16,51,145.88,5
36,12,10,16,273.39,0
37,12,1,53,2046.52,15
38,13,36,55,1355.94,10
39,13,21,30,782.44,0
40,13,29,49,136.34,5
41,13,33,30,1607.06,0
42,13,28,50,2174.63,0
43,14,16,47,145.88,0
44,14,18,17,381.44,0
45,14,29,23,136.34,0
46,14,5,59,838.18,10
47,15,14,28,1041.0,5
48,15,5,23,838.18,10
49,16,37,26,1417.24,5
50,17,35,29,989.87,5
51,17,15,3,360.05,5
52,17,32,23,595.47,15
53,17,18,45,381.44,5
54,18,35,43,989.87,5
55,18,2,10,1345.82,5
56,18,26,13,636.68,0
57,18,37,18,1417.24,5
58,18,6,22,545.16,0
59,19,2,16,1345.82,15
60,19,35,6,989.87,15
61,19,4,4,624.23,0
62,19,23,17,413.96,0
63,20,8,46,2085.52,0
64,20,37,51,1417.24,0
65,20,14,12,1041.0,10
66,20,30,40,581.03,15
67,21,37,47,1417.24,0
68,21,25,6,1118.55,10
69,21,26,46,636.68,15
70,22,23,36,413.96,5
71,23,27,54,147.29,5
72,24,34,41,1337.4,10
73,24,18,51,381.44,5
74,25,18,58,381.44,5
75,26,21,24,782.44,0
76,26,12,23,1072.58,0
77,26,32,58,595.47,10
78,26,14,46,1041.0,0
79,27,16,7,145.88,0
80,27,31,16,1824.98,5
81,27,32,46,595.47,0
82,27,29,21,136.34,15
83,27,2,39,1345.82,0
84,28,18,9,381.44,15
85,28,20,14,1115.25,0
86,28,17,9,1140.88,15
87,28,15,36,360.05,15
88,29,19,13,1448.97,0
89,29,7,2,798.24,15
90,29,13,36,126.52,0
91,29,15,19,360.05,0
92,29,24,5,424.85,10
93,30,7,32,798.24,5
94,30,1,30,2046.52,0
95,30,37,13,1417.24,0
96,30,19,18,1448.97,5
97,31,10,11,273.39,10
98,32,15,57,360.05,10
99,32,34,29,1337.4,0
100,32,25,38,1118.55,10
101,32,29,5,136.34,10
102,32,20,49,1115.25,0
103,33,11,2,1774.9,5
104,34,30,18,581.03,15
105,34,5,39,838.18,15
106,34,15,53,360.05,0
107,35,11,52,1774.9,0
108,36,35,58,989.87,5
109,36,32,49,595.47,0
110,36,29,40,136.34,0
111,36,6,3,545.16,0
112,36,3,16,790.93,15
113,37,37,32,1417.24,10
114,37,3,43,790.93,5
115,37,12,60,1072.58,0
116,38,31,24,1824.98,5
117,39,26,31,636.68,0
118,39,36,22,1355.94,0
119,39,3,22,790.93,0
120,40,24,19,424.85,10
121,40,32,10,595.47,0
122,40,29,30,136.34,15
123,40,4,33,624.23,0
124,40,14,3,1041.0,15
125,41,8,9,2085.52,15
126,41,30,55,581.03,0
127,42,31,11,1824.98,5
128,42,16,14,145.88,10
129,42,30,34,581.03,15
130,42,36,58,1355.94,0
131,43,20,30,1115.25,10
132,43,32,32,595.47,0
133,43,10,23,273.39,10
134,44,16,26,145.88,0
135,44,37,56,1417.24,5
136,45,25,10,1118.55,10
137,45,10,39,273.39,0
138,45,32,57,595.47,0
139,45,3,57,790.93,5
140,46,5,52,838.18,0
141,46,31,23,1824.98,10
142,47,35,42,989.87,15
143,47,3,60,790.93,0
144,47,5,16,838.18,15
145,47,16,7,145.88,5
146,48,3,22,790.93,0
147,49,11,7,1774.9,10
148,49,12,57,1072.58,5
149,50,17,45,1140.88,10
150,50,1,12,2046.52,0
151,50,30,30,581.03,0
152,50,19,39,1448.97,0
153,51,16,26,145.88,10
154,52,2,2,1345.82,10
155,52,26,57,636.68,15
156,52,18,51,381.44,15
157,53,15,41,360.05,0
158,53,23,45,413.96,15
159,53,13,51,126.52,15
160,54,24,49,424.85,5
161,54,9,13,1085.74,0
162,54,6,10,545.16,10
163,54,19,58,1448.97,0
164,54,21,35,782.44,10
165,55,30,6,581.03,0
166,56,36,2,1355.94,0
167,56,24,36,424.85,0
168,56,6,31,545.16,0
169,56,26,45,636.68,15
170,57,36,22,1355.94,10
171,58,9,4,1085.74,0
172,59,25,25,1118.55,15
173,59,30,49,581.03,15
174,60,27,55,147.29,5
175,60,7,41,798.24,5
176,61,7,59,798.24,15
177,61,24,24,424.85,0
178,61,35,27,989.87,0
179,62,14,43,1041.0,15
180,63,9,15,1085.74,0
181,63,37,55,1417.24,10
182,64,22,52,1120.38,10
183,64,10,2,273.39,0
184,65,8,10,2085.52,0
185,65,2,24,1345.82,0
186,66,5,32,838.18,5
187,67,34,21,1337.4,5
188,68,7,59,798.24,0
189,68,32,22,595.47,10
190,68,29,11,136.34,0
191,68,5,10,838.18,0
192,69,25,31,1118.55,10
193,69,34,40,1337.4,5
194,69,19,8,1448.97,15
195,70,22,48,1120.38,0
196,70,30,22,581.03,5
197,70,26,22,636.68,15
198,70,27,18,147.29,0
199,71,6,7,545.16,5
200,72,36,57,1355.94,15
201,72,22,50,1120.38,5
202,72,8,57,2085.52,15
203,72,27,5,147.29,0
204,72,23,40,413.96,0
205,73,23,56,413.96,10
206,74,36,60,1355.94,0
207,74,2,24,1345.82,0
208,74,18,13,381.44,0
209,74,12,38,1072.58,15
210,74,20,27,1115.25,0
211,75,30,21,581.03,15
212,75,22,22,1120.38,10
213,75,11,40,1774.9,0
214,75,24,58,424.85,0
215,76,32,15,595.47,10
216,76,29,9,136.34,0
217,76,27,29,147.29,0
218,76,18,20,381.44,15
219,77,1,15,2046.52,0
220,78,8,49,2085.52,5
221,78,1,13,2046.52,0
222,78,32,26,595.47,10
223,79,2,38,1345.82,5
224,79,30,38,581.03,5
225,79,5,47,838.18,15
226,79,21,28,782.44,0
227,80,6,17,545.16,5
228,80,28,39,2174.63,5
229,80,7,35,798.24,0
230,81,11,42,1774.9,0
231,81,5,35,838.18,10
232,81,33,14,1607.06,0
233,82,10,13,273.39,15
234,82,5,33,838.18,5
235,83,10,32,273.39,5
236,83,29,42,136.34,0
237,83,5,52,838.18,0
238,84,30,5,581.03,0
239,84,29,55,136.34,0
240,84,3,6,790.93,15
241,85,29,60,136.34,10
242,86,22,47,1120.38,0
243,87,24,28,424.85,0
244,87,19,45,1448.97,10
245,87,25,5,1118.55,15
246,88,10,43,273.39,15
247,88,22,44,1120.38,5
248,88,6,10,545.16,10
249,88,23,47,413.96,0
250,88,20,21,1115.25,10
251,89,6,25,545.16,0
252,89,28,13,2174.63,0
253,89,33,23,1607.06,5
254,89,24,14,424.85,0
255,89,2,10,1345.82,0
256,90,35,40,989.87,5
257,90,34,11,1337.4,0
258,90,3,13,790.93,15
259,90,22,51,1120.38,10
260,90,9,53,1085.74,0
261,91,29,50,136.34,15
262,91,19,52,1448.97,5
263,92,29,35,136.34,5
264,92,30,12,581.03,0
265,92,19,53,1448.97,10
266,92,25,10,1118.55,0
267,92,33,5,1607.06,15
268,93,19,7,1448.97,0
269,94,29,3,136.34,5
270,94,23,5,413.96,5
271,95,24,16,424.85,0
272,96,9,59,1085.74,0
273,96,31,3,1824.98,0
274,96,29,15,136.34,0
275,96,1,37,2046.52,15
276,97,30,40,581.03,10
277,97,5,3,838.18,15
278,97,8,34,2085.52,10
279,97,32,17,595.47,15
280,98,6,25,545.16,0
281,98,34,35,1337.4,10
282,99,2,24,1345.82,0
283,99,23,48,413.96,15
284,99,5,42,838.18,0
285,100,23,36,413.96,0
286,101,30,4,581.03,0
287,102,21,21,782.44,10
288,103,19,57,1448.97,0
289,103,23,57,413.96,15
290,104,22,53,1120.38,10
291,104,12,19,1072.58,0
292,104,32,48,595.47,5
293,104,24,7,424.85,5
294,105,29,46,136.34,5
295,105,28,24,2174.63,5
296,105,11,4,1774.9,15
297,106,26,25,636.68,10
298,107,3,51,790.93,15
299,107,9,25,1085.74,0
300,107,5,26,838.18,10
301,107,16,4,145.88,10
302,108,29,10,136.34,10
303,108,5,25,838.18,5
304,108,37,22,1417.24,15
305,109,32,26,595.47,10
306,109,34,9,1337.4,0
307,110,13,30,126.52,0
308,110,8,59,2085.52,15
309,110,9,30,1085.74,0
310,110,5,53,838.18,15
311,111,35,52,989.87,0
312,111,19,34,1448.97,0
313,111,20,9,1115.25,0
314,111,11,52,1774.9,0
315,111,12,17,1072.58,5
316,112,6,21,545.16,5
317,112,5,47,838.18,15
318,113,5,45,838.18,10
319,113,9,24,1085.74,0
320,113,21,58,782.44,10
321,113,29,42,136.34,10
322,113,30,13,581.03,0
323,114,34,11,1337.4,0
324,115,23,59,413.96,0
325,115,34,56,1337.4,0
326,116,9,7,1085.74,10
327,116,20,43,1115.25,0
328,116,35,39,989.87,10
329,117,22,4,1120.38,15
330,117,37,51,1417.24,10
331,117,3,18,790.93,15
332,117,2,15,1345.82,10
333,117,6,28,545.16,10
334,118,16,6,145.88,15
335,118,26,5,636.68,0
336,118,20,30,1115.25,5
337,118,30,32,581.03,5
338,119,23,50,413.96,0
339,119,26,34,636.68,10
340,119,9,8,1085.74,0
341,120,25,57,1118.55,0
342,120,27,54,147.29,0
343,120,16,38,145.88,15
344,121,32,27,595.47,10
345,121,2,31,1345.82,0
346,121,6,15,545.16,10
347,122,19,29,1448.97,0
348,122,35,58,989.87,0
349,122,1,48,2046.52,0
350,122,7,50,798.24,5
351,123,13,26,126.52,10
352,123,24,30,424.85,10
353,123,36,19,1355.94,10
354,123,19,45,1448.97,10
355,123,5,9,838.18,0
356,124,33,53,1607.06,5
357,124,26,35,636.68,5
358,124,3,11,790.93,10
359,124,9,59,1085.74,10
360,124,22,10,1120.38,0
361,125,35,54,989.87,0
362,125,32,25,595.47,0
363,125,37,45,1417.24,0
364,125,20,28,1115.25,10
365,125,31,21,1824.98,15
366,126,31,54,1824.98,15
367,126,11,17,1774.9,0
368,126,34,38,1337.4,15
369,126,25,9,1118.55,0
370,126,10,3,273.39,5
371,127,4,37,624.23,0
372,127,9,44,1085.74,5
373,127,34,35,1337.4,5
374,127,14,22,1041.0,0
375,128,31,19,1824.98,10
376,128,13,21,126.52,0
377,128,16,21,145.88,0
378,129,19,45,1448.97,10
379,129,8,26,2085.52,5
380,129,37,54,1417.24,0
381,130,31,54,1824.98,10
382,130,14,19,1041.0,10
383,130,13,46,126.52,0
384,131,15,47,360.05,5
385,131,4,8,624.23,15
386,131,7,51,798.24,0
387,131,27,2,147.29,10
388,131,22,12,1120.38,5
389,132,37,16,1417.24,10
390,133,32,2,595.47,0
391,133,12,38,1072.58,10
392,133,19,8,1448.97,0
393,133,3,20,790.93,5
394,134,33,19,1607.06,0
395,134,30,53,581.03,0
396,135,12,52,1072.58,0
397,135,1,38,2046.52,15
398,135,22,50,1120.38,0
399,136,7,22,798.24,0
400,136,12,2,1072.58,0
401,136,9,26,1085.74,0
402,136,31,30,1824.98,0
403,137,4,31,624.23,0
404,137,8,12,2085.52,5
405,138,31,31,1824.98,15
406,138,10,40,273.39,0
407,139,6,30,545.16,10
408,139,34,47,1337.4,0
409,140,35,30,989.87,0
410,140,10,45,273.39,0
411,140,11,47,1774.9,10
412,140,21,33,782.44,0
413,140,34,59,1337.4,10
414,141,36,31,1355.94,15
415,142,3,29,790.93,0
416,143,9,25,1085.74,5
417,143,27,30,147.29,5
418,144,35,35,989.87,0
419,144,26,48,636.68,0
420,145,25,11,1118.55,0
421,145,15,14,360.05,15
422,145,16,50,145.88,0
423,145,30,4,581.03,15
424,145,23,28,413.96,10
425,146,16,49,145.88,0
426,147,15,38,360.05,10
427,147,37,51,1417.24,15
428,147,21,54,782.44,0
429,148,36,39,1355.94,15
430,149,34,21,1337.4,5
431,149,21,13,782.44,10
432,149,27,32,147.29,0
433,149,10,56,273.39,0
434,150,36,28,1355.94,5
435,151,14,30,1041.0,0
436,151,22,7,1120.38,10
437,151,6,48,545.16,0
438,152,36,60,1355.94,0
439,152,14,15,1041.0,0
440,152,31,49,1824.98,0
441,152,22,49,1120.38,5
442,152,20,60,1115.25,0
443,153,35,25,989.87,10
444,153,23,58,413.96,5
445,153,20,31,1115.25,0
446,153,17,53,1140.88,15
447,154,15,39,360.05,10
448,154,10,48,273.39,5
449,154,2,20,1345.82,0
450,154,17,14,1140.88,0
451,154,36,16,1355.94,5
452,155,30,48,581.03,10
453,155,11,33,1774.9,0
454,155,23,60,413.96,10
455,155,9,43,1085.74,0
456,156,5,2,838.18,0
457,156,10,34,273.39,5
458,157,35,37,989.87,5
459,158,12,17,1072.58,0
460,158,7,41,798.24,10
461,158,34,18,1337.4,0
462,158,10,19,273.39,5
463,159,20,43,1115.25,15
464,159,6,50,545.16,0
465,160,4,33,624.23,5
466,160,1,43,2046.52,0
467,160,11,38,1774.9,0
468,160,6,59,545.16,10
469,161,35,13,989.87,0
470,161,37,3,1417.24,0
471,161,3,39,790.93,0
472,162,37,45,1417.24,10
473,162,25,23,1118.55,5
474,163,15,51,360.05,0
475,163,5,3,838.18,15
476,163,22,19,1120.38,5
477,163,26,33,636.68,0
478,164,6,7,545.16,0
479,164,19,11,1448.97,5
480,164,16,47,145.88,15
481,164,5,11,838.18,15
482,165,7,13,798.24,5
483,165,9,30,1085.74,10
484,165,6,37,545.16,10
485,166,25,28,1118.55,5
486,166,1,51,2046.52,0
487,166,19,48,1448.97,10
488,167,32,12,595.47,5
489,167,10,19,273.39,5
490,167,5,21,838.18,5
491,168,7,27,798.24,0
492,168,9,55,1085.74,10
493,168,20,26,1115.25,0
494,168,1,30,2046.52,0
495,169,31,13,1824.98,5
496,169,21,22,782.44,0
497,170,24,39,424.85,10
498,170,8,13,2085.52,15
499,170,37,51,1417.24,10
500,170,13,3,126.52,15
501,171,32,18,595.47,15
502,171,9,11,1085.74,15
503,171,20,29,1115.25,5
504,171,16,6,145.88,5
505,172,35,51,989.87,0
506,172,6,44,545.16,15
507,172,7,24,798.24,0
508,173,15,37,360.05,10
509,173,33,46,1607.06,10
510,173,34,16,1337.4,5
511,174,7,9,798.24,15
512,174,19,11,1448.97,0
513,174,27,21,147.29,0
514,174,6,31,545.16,0
515,175,29,4,136.34,15
516,175,21,9,782.44,0
517,175,5,56,838.18,0
518,175,20,43,1115.25,0
519,176,28,13,2174.63,15
520,176,30,44,581.03,5
521,176,15,27,360.05,0
522,176,26,49,636.68,10
523,176,12,58,1072.58,0
524,177,37,8,1417.24,10
525,178,34,39,1337.4,0
526,178,21,24,782.44,0
527,178,25,56,1118.55,5
528,178,26,41,636.68,0
529,179,20,13,1115.25,0
530,179,8,46,2085.52,0
531,180,12,10,1072.58,0
532,180,36,22,1355.94,5
533,180,11,41,1774.9,0
534,180,32,57,595.47,0
535,180,19,2,1448.97,5
536,181,27,7,147.29,10
537,181,29,3,136.34,0
538,181,32,20,595.47,0
539,181,11,19,1774.9,0
540,182,33,54,1607.06,0
541,182,8,36,2085.52,0
542,182,37,50,1417.24,15
543,182,18,30,381.44,10
544,182,35,15,989.87,5
545,183,20,30,1115.25,0
546,183,3,24,790.93,0
547,184,28,52,2174.63,0
548,184,11,54,1774.9,0
549,184,9,53,1085.74,0
550,185,19,56,1448.97,10
551,185,37,59,1417.24,15
552,185,18,54,381.44,0
553,186,9,47,1085.74,0
554,186,16,55,145.88,0
555,186,10,50,273.39,15
556,187,5,49,838.18,0
557,187,6,46,545.16,0
558,187,26,31,636.68,5
559,187,33,22,1607.06,10
560,188,35,27,989.87,0
561,189,37,4,1417.24,0
562,189,9,42,1085.74,5
563,189,32,3,595.47,0
564,189,22,56,1120.38,0
565,189,4,30,624.23,5
566,190,11,43,1774.9,0
567,190,18,18,381.44,0
568,190,6,25,545.16,15
569,191,28,47,2174.63,0
570,191,6,2,545.16,0
571,192,22,54,1120.38,0
572,193,7,22,798.24,0
573,194,11,60,1774.9,5
574,194,29,41,136.34,15
575,194,23,30,413.96,0
576,194,14,7,1041.0,0
577,194,10,10,273.39,0
578,195,16,37,145.88,10
579,196,26,43,636.68,0
580,196,19,52,1448.97,0
581,197,24,22,424.85,0
582,198,5,15,838.18,0
583,198,2,5,1345.82,5
584,198,1,34,2046.52,0
585,198,17,42,1140.88,15
586,199,18,21,381.44,0
587,199,6,34,545.16,0
588,200,20,46,1115.25,5
589,201,8,44,2085.52,15
590,201,30,44,581.03,15
591,201,4,13,624.23,0
592,201,20,2,1115.25,15
593,202,11,49,1774.9,0
594,202,24,48,424.85,0
595,202,9,51,1085.74,0
596,203,5,5,838.18,5
597,203,32,56,595.47,10
598,203,30,12,581.03,0
599,203,33,12,1607.06,0
600,203,24,51,424.85,0
601,204,3,25,790.93,5
602,204,31,60,1824.98,0
603,205,15,60,360.05,15
604,205,21,22,782.44,0
605,205,16,54,145.88,0
606,205,27,38,147.29,0
607,206,15,4,360.05,5
608,206,34,6,1337.4,5
609,207,1,38,2046.52,0
610,207,24,49,424.85,10
611,207,13,17,126.52,5
612,207,19,25,1448.97,10
613,208,10,28,273.39,0
614,208,1,16,2046.52,10
615,209,7,17,798.24,5
616,209,14,33,1041.0,0
617,209,34,11,1337.4,15
618,210,6,42,545.16,5
619,210,7,6,798.24,10
620,210,33,38,1607.06,0
621,210,9,29,1085.74,15
622,211,26,19,636.68,0
623,211,21,6,782.44,0
624,211,29,10,136.34,10
625,212,23,18,413.96,0
626,212,14,7,1041.0,0
627,212,29,53,136.34,15
628,212,20,21,1115.25,15
629,212,30,46,581.03,10
630,213,26,45,636.68,0
631,213,33,18,1607.06,0
632,213,4,3,624.23,5
633,214,8,5,2085.52,0
634,214,1,10,2046.52,0
635,215,2,6,1345.82,0
636,216,11,38,1774.9,5
637,217,12,19,1072.58,5
638,217,23,58,413.96,0
639,217,14,4,1041.0,10
640,217,18,41,381.44,10
641,218,25,14,1118.55,15
642,218,9,58,1085.74,10
643,218,27,17,147.29,15
644,219,37,26,1417.24,0
645,219,33,13,1607.06,0
646,219,21,22,782.44,10
647,220,4,24,624.23,10
648,220,31,16,1824.98,0
649,220,34,8,1337.4,0
650,221,15,38,360.05,5
651,222,23,38,413.96,0
652,222,2,38,1345.82,0
653,222,37,55,1417.24,5
654,223,34,32,1337.4,0
655,224,4,39,624.23,15
656,224,2,60,1345.82,0
657,224,10,51,273.39,0
658,225,7,12,798.24,15
659,225,22,29,1120.38,15
660,225,20,33,1115.25,15
661,225,21,22,782.44,0
662,225,9,47,1085.74,10
663,226,9,46,1085.74,10
664,226,12,27,1072.58,10
665,226,1,4,2046.52,0
666,227,10,24,273.39,0
667,227,22,12,1120.38,15
668,227,5,58,838.18,0
669,227,16,54,145.88,15
670,228,7,26,798.24,5
671,228,1,48,2046.52,5
672,228,4,12,624.23,5
673,229,15,20,360.05,0
674,229,11,22,1774.9,0
675,229,29,8,136.34,0
676,229,5,23,838.18,0
677,229,3,58,790.93,5
678,230,22,40,1120.38,10
679,231,7,23,798.24,0
680,232,7,27,798.24,10
681,232,4,37,624.23,5
682,233,31,12,1824.98,15
683,233,13,20,126.52,0
684,233,7,32,798.24,0
685,233,2,21,1345.82,5
686,233,14,32,1041.0,5
687,234,24,25,424.85,0
688,234,25,30,1118.55,0
689,235,6,44,545.16,0
690,236,34,38,1337.4,0
691,236,27,32,147.29,0
692,236,35,7,989.87,5
693,236,31,59,1824.98,15
694,237,12,10,1072.58,0
695,237,11,29,1774.9,0
696,237,14,45,1041.0,5
697,237,13,14,126.52,15
698,238,25,37,1118.55,5
699,239,1,28,2046.52,0
700,239,34,11,1337.4,10
701,239,27,39,147.29,10
702,239,8,50,2085.52,0
703,240,17,40,1140.88,5
704,240,25,4,1118.55,0
705,240,32,19,595.47,5
706,240,37,11,1417.24,10
707,241,24,54,424.85,0
708,241,2,21,1345.82,0
709,241,22,55,1120.38,5
710,242,21,14,782.44,5
711,242,18,15,381.44,5
712,242,27,49,147.29,5
713,242,6,50,545.16,10
714,243,20,47,1115.25,10
715,244,2,4,1345.82,5
716,244,12,5,1072.58,0
717,244,13,47,126.52,0
718,244,4,19,624.23,0
719,244,16,54,145.88,5
720,245,16,25,145.88,5
721,246,36,49,1355.94,15
722,246,23,7,413.96,0
723,246,11,3,1774.9,5
724,246,17,5,1140.88,0
725,247,14,43,1041.0,5
726,247,18,34,381.44,0
727,248,20,59,1115.25,5
728,248,18,56,381.44,0
729,248,28,31,2174.63,0
730,249,24,32,424.85,0
731,249,36,23,1355.94,0
732,249,19,42,1448.97,0
733,249,20,57,1115.25,0
734,249,7,18,798.24,15
735,250,26,20,636.68,0
736,250,21,60,782.44,5
737,250,9,27,1085.74,5
738,250,2,49,1345.82,0
739,250,32,39,595.47,15
740,251,35,60,989.87,15
741,251,31,24,1824.98,10
742,252,36,43,1355.94,0
743,252,12,16,1072.58,0
744,252,22,16,1120.38,15
745,253,31,5,1824.98,15
746,254,20,14,1115.25,0
747,254,27,28,147.29,10
748,254,4,59,624.23,5
749,254,10,11,273.39,0
750,254,9,57,1085.74,15
751,255,1,30,2046.52,0
752,256,9,41,1085.74,5
753,257,25,14,1118.55,15
754,257,1,25,2046.52,0
755,257,3,59,790.93,0
756,257,35,50,989.87,10
757,258,20,26,1115.25,10
758,258,9,39,1085.74,0
759,258,7,12,798.24,0
760,259,28,59,2174.63,5
761,259,9,24,1085.74,0
762,259,22,12,1120.38,5
763,260,8,47,2085.52,15
764,260,24,52,424.85,0
765,261,7,43,798.24,0
766,262,10,28,273.39,15
767,262,14,8,1041.0,15
768,262,1,35,2046.52,0
769,262,20,41,1115.25,10
770,263,7,33,798.24,0
771,264,3,33,790.93,0
772,264,36,46,1355.94,5
773,265,10,48,273.39,15
774,265,6,8,545.16,0
775,265,33,43,1607.06,0
776,265,5,31,838.18,0
777,266,28,56,2174.63,0
778,266,8,2,2085.52,0
779,266,7,44,798.24,15
780,267,12,27,1072.58,5
781,267,8,19,2085.52,5
782,267,26,46,636.68,5
783,268,7,60,798.24,10
784,268,27,32,147.29,10
785,269,31,9,1824.98,5
786,269,32,30,595.47,0
787,270,37,29,1417.24,15
788,270,15,48,360.05,0
789,270,22,32,1120.38,0
790,270,34,44,1337.4,15
791,270,7,43,798.24,5
792,271,33,56,1607.06,5
793,271,31,57,1824.98,0
794,272,36,27,1355.94,0
795,272,25,7,1118.55,5
796,273,2,4,1345.82,10
797,273,7,37,798.24,0
798,273,26,54,636.68,0
799,273,27,52,147.29,10
800,274,24,56,424.85,5
801,274,4,23,624.23,10
802,274,15,51,360.05,10
803,275,1,24,2046.52,15
804,275,22,53,1120.38,0
805,276,11,33,1774.9,0
806,277,14,8,1041.0,5
807,277,30,4,581.03,15
808,277,13,55,126.52,15
809,277,22,39,1120.38,0
810,278,9,37,1085.74,5
811,278,32,55,595.47,10
812,278,1,32,2046.52,10
813,278,34,51,1337.4,0
814,278,4,46,624.23,10
815,279,33,40,1607.06,15
816,279,25,50,1118.55,0
817,279,27,19,147.29,5
818,280,20,15,1115.25,10
819,280,36,47,1355.94,0
820,280,21,45,782.44,0
821,280,14,60,1041.0,15
822,280,13,10,126.52,15
823,281,31,58,1824.98,5
824,281,37,53,1417.24,0
825,281,27,35,147.29,0
826,281,35,3,989.87,5
827,281,19,11,1448.97,0
828,282,19,11,1448.97,0
829,282,17,46,1140.88,0
830,283,7,17,798.24,10
831,283,36,52,1355.94,15
832,283,15,20,360.05,15
833,283,25,44,1118.55,0
834,284,29,60,136.34,15
835,284,15,47,360.05,15
836,285,19,13,1448.97,15
837,285,29,6,136.34,0
838,286,9,2,1085.74,0
839,286,11,31,1774.9,15
840,286,17,11,1140.88,0
841,287,32,24,595.47,0
842,287,37,52,1417.24,15
843,287,36,22,1355.94,10
844,288,11,24,1774.9,0
845,288,27,58,147.29,0
846,288,35,44,989.87,0
847,288,26,23,636.68,0
848,288,6,20,545.16,0
849,289,16,45,145.88,0
850,289,3,26,790.93,0
851,290,33,59,1607.06,15
852,290,29,14,136.34,0
853,290,32,34,595.47,0
854,290,3,8,790.93,0
855,290,19,51,1448.97,10
856,291,28,15,2174.63,10
857,291,7,55,798.24,15
858,292,6,6,545.16,0
859,293,27,42,147.29,5
860,293,25,29,1118.55,0
861,293,29,3,136.34,5
862,294,23,34,413.96,0
863,295,25,12,1118.55,10
864,295,26,16,636.68,0
865,295,2,49,1345.82,5
866,295,31,52,1824.98,10
867,296,1,9,2046.52,0
868,296,36,2,1355.94,10
869,296,10,40,273.39,5
870,297,10,14,273.39,0
871,297,11,13,1774.9,15
872,297,12,53,1072.58,10
873,297,15,56,360.05,0
874,297,17,56,1140.88,10
875,298,32,24,595.47,0
876,298,22,44,1120.38,15
877,299,20,38,1115.25,0
878,299,10,53,273.39,0
879,299,37,29,1417.24,0
880,300,31,24,1824.98,0
881,300,30,33,581.03,10
882,300,29,8,136.34,0
883,301,5,59,838.18,0
884,302,17,27,1140.88,0
885,302,35,59,989.87,10
886,302,31,48,1824.98,0
887,302,10,10,273.39,5
888,302,24,34,424.85,10
889,303,11,10,1774.9,5
890,303,33,12,1607.06,0
891,304,5,25,838.18,0
892,304,17,4,1140.88,15
893,305,31,8,1824.98,15
894,305,30,35,581.03,15
895,305,3,55,790.93,0
896,305,21,55,782.44,15
897,306,25,18,1118.55,5
898,306,24,60,424.85,0
899,306,5,35,838.18,5
900,306,34,24,1337.4,0
901,307,15,34,360.05,15
902,307,5,19,838.18,0
903,308,27,48,147.29,0
904,308,22,32,1120.38,15
905,309,3,38,790.93,10
906,309,9,12,1085.74,0
907,310,26,15,636.68,5
908,310,37,40,1417.24,5
909,310,2,57,1345.82,5
910,310,19,12,1448.97,0
911,310,6,55,545.16,5
912,311,33,12,1607.06,15
913,311,17,45,1140.88,0
914,312,13,35,126.52,10
915,313,3,32,790.93,15
916,313,35,10,989.87,10
917,313,33,36,1607.06,0
918,313,8,59,2085.52,15
919,313,6,43,545.16,5
920,314,28,39,2174.63,15
921,314,15,60,360.05,15
922,314,31,38,1824.98,0
923,314,25,29,1118.55,0
924,314,23,18,413.96,5
925,315,27,35,147.29,0
926,315,17,35,1140.88,0
927,315,13,26,126.52,15
928,315,1,15,2046.52,15
929,315,37,53,1417.24,0
930,316,28,50,2174.63,0
931,316,37,28,1417.24,10
932,316,24,52,424.85,10
933,316,18,32,381.44,0
934,316,26,25,636.68,10
935,317,8,30,2085.52,15
936,317,15,12,360.05,0
937,318,11,26,1774.9,15
938,319,15,40,360.05,0
939,319,24,48,424.85,5
940,319,6,27,545.16,10
941,320,13,56,126.52,15
942,321,3,17,790.93,15
943,321,24,2,424.85,0
944,322,13,37,126.52,0
945,322,34,48,1337.4,10
946,322,1,60,2046.52,10
947,322,5,24,838.18,0
948,322,6,54,545.16,0
949,323,27,8,147.29,10
950,323,33,6,1607.06,10
951,324,17,51,1140.88,0
952,324,29,50,136.34,0
953,324,25,51,1118.55,5
954,324,37,45,1417.24,5
955,324,31,59,1824.98,10
956,325,15,28,360.05,0
957,325,21,35,782.44,10
958,326,6,6,545.16,10
959,326,26,13,636.68,5
960,326,22,22,1120.38,0
961,327,32,17,595.47,15
962,327,13,17,126.52,0
963,328,23,45,413.96,15
964,328,10,33,273.39,10
965,328,7,2,798.24,10
966,328,8,4,2085.52,5
967,328,6,25,545.16,10
968,329,18,16,381.44,10
969,329,32,10,595.47,0
970,329,12,35,1072.58,5
971,329,33,32,1607.06,10
972,329,26,4,636.68,10
973,330,30,46,581.03,10
974,330,8,31,2085.52,0
975,331,17,32,1140.88,10
976,331,12,23,1072.58,0
977,331,36,13,1355.94,5
978,331,16,29,145.88,0
979,331,18,28,381.44,15
980,332,15,29,360.05,5
981,332,7,14,798.24,0
982,332,18,53,381.44,15
983,332,16,11,145.88,5
984,332,36,53,1355.94,0
985,333,20,5,1115.25,5
986,333,17,8,1140.88,15
987,333,36,12,1355.94,0
988,333,37,15,1417.24,0
989,334,36,3,1355.94,5
990,334,17,9,1140.88,0
991,334,23,57,413.96,15
992,335,32,31,595.47,15
993,335,29,11,136.34,0
994,335,6,42,545.16,0
995,335,25,28,1118.55,15
996,335,19,41,1448.97,10
997,336,19,19,1448.97,5
998,336,18,51,381.44,0
999,336,26,49,636.68,10
1000,337,6,27,545.16,0
1001,337,14,8,1041.0,0
1002,337,11,58,1774.9,5
1003,338,6,21,545.16,0
1004,338,25,17,1118.55,15
1005,339,23,57,413.96,0
1006,340,12,42,1072.58,15
1007,340,30,36,581.03,0
1008,340,37,60,1417.24,0
1009,340,28,32,2174.63,10
1010,340,34,16,1337.4,0
1011,341,9,2,1085.74,15
1012,341,23,33,413.96,5
1013,341,19,21,1448.97,0
1014,341,31,51,1824.98,5
1015,341,35,53,989.87,0
1016,342,26,55,636.68,5
1017,342,16,16,145.88,0
1018,342,11,7,1774.9,5
1019,342,25,42,1118.55,0
1020,343,19,28,1448.97,0
1021,343,35,56,989.87,0
1022,343,18,13,381.44,0
1023,344,13,5,126.52,10
1024,344,21,3,782.44,0
1025,344,2,8,1345.82,0
1026,344,10,19,273.39,0
1027,345,27,25,147.29,5
1028,345,20,46,1115.25,0
1029,345,32,23,595.47,0
1030,346,25,51,1118.55,15
1031,346,1,17,2046.52,5
1032,346,8,51,2085.52,5
1033,347,14,12,1041.0,15
1034,347,31,48,1824.98,0
1035,347,25,49,1118.55,10
1036,347,20,35,1115.25,0
1037,347,21,18,782.44,5
1038,348,14,9,1041.0,0
1039,349,1,39,2046.52,15
1040,349,3,32,790.93,15
1041,350,22,52,1120.38,0
1042,350,4,10,624.23,5
1043,350,23,16,413.96,0
1044,350,10,37,273.39,15
1045,350,35,50,989.87,0
1046,351,32,47,595.47,5
1047,352,30,12,581.03,0
1048,352,18,35,381.44,0
1049,352,36,30,1355.94,0
1050,353,2,51,1345.82,10
1051,353,24,17,424.85,0
1052,354,10,8,273.39,10
1053,354,19,44,1448.97,0
1054,354,21,4,782.44,0
1055,354,27,13,147.29,0
1056,354,8,14,2085.52,0
1057,355,34,16,1337.4,10
1058,355,17,47,1140.88,0
1059,355,4,2,624.23,0
1060,355,24,43,424.85,5
1061,356,24,4,424.85,15
1062,356,4,6,624.23,0
1063,356,18,6,381.44,0
1064,356,34,35,1337.4,0
1065,357,37,37,1417.24,15
1066,357,12,37,1072.58,5
1067,358,7,27,798.24,10
1068,358,11,23,1774.9,15
1069,358,12,12,1072.58,10
1070,358,36,40,1355.94,5
1071,359,21,15,782.44,5
1072,359,16,51,145.88,10
1073,359,37,49,1417.24,0
1074,359,35,25,989.87,5
1075,360,2,58,1345.82,0
1076,360,34,2,1337.4,0
1077,360,9,16,1085.74,0
1078,361,10,11,273.39,0
1079,361,7,18,798.24,0
1080,361,3,58,790.93,10
1081,361,30,17,581.03,0
1082,361,23,18,413.96,0
1083,362,12,40,1072.58,15
1084,362,32,21,595.47,0
1085,362,37,48,1417.24,10
1086,362,7,26,798.24,0
1087,363,15,49,360.05,15
1088,364,4,22,624.23,10
1089,364,20,38,1115.25,0
1090,364,34,22,1337.4,10
1091,364,3,46,790.93,0
1092,365,29,16,136.34,5
1093,365,37,20,1417.24,5
1094,365,33,11,1607.06,0
1095,365,6,23,545.16,0
1096,366,28,33,2174.63,5
1097,366,9,43,1085.74,10
1098,366,31,14,1824.98,10
1099,366,36,41,1355.94,15
1100,366,13,35,126.52,0
1101,367,27,29,147.29,0
1102,368,23,41,413.96,0
1103,368,29,30,136.34,0
1104,369,8,49,2085.52,0
1105,370,20,30,1115.25,5
1106,371,36,46,1355.94,15
1107,371,31,44,1824.98,0
1108,371,10,26,273.39,10
1109,372,4,6,624.23,5
1110,372,30,44,581.03,0
1111,372,1,44,2046.52,15
1112,373,33,57,1607.06,10
1113,373,7,36,798.24,0
1114,373,21,13,782.44,0
1115,373,32,34,595.47,5
1116,374,2,45,1345.82,0
1117,374,23,24,413.96,15
1118,375,2,11,1345.82,0
1119,375,36,59,1355.94,5
1120,375,18,44,381.44,0
1121,375,15,7,360.05,15
1122,376,10,36,273.39,0
1123,376,28,15,2174.63,15
1124,376,20,10,1115.25,10
1125,376,22,36,1120.38,15
1126,376,29,53,136.34,0
1127,377,37,22,1417.24,0
1128,377,11,37,1774.9,10
1129,378,2,58,1345.82,5
1130,378,21,28,782.44,0
1131,379,10,10,273.39,0
1132,379,13,3,126.52,10
1133,379,7,41,798.24,0
1134,380,15,24,360.05,0
1135,380,2,46,1345.82,5
1136,381,32,14,595.47,0
1137,381,31,4,1824.98,5
1138,381,9,50,1085.74,0
1139,381,11,19,1774.9,5
1140,382,32,29,595.47,5
1141,382,21,51,782.44,0
1142,382,30,40,581.03,15
1143,382,16,54,145.88,5
1144,383,35,31,989.87,0
1145,383,34,58,1337.4,0
1146,383,3,35,790.93,10
1147,383,7,27,798.24,15
1148,383,29,4,136.34,10
1149,384,13,20,126.52,5
1150,385,34,59,1337.4,0
1151,386,35,30,989.87,0
1152,386,9,13,1085.74,5
1153,386,26,39,636.68,15
1154,386,27,59,147.29,0
1155,386,21,58,782.44,5
1156,387,6,48,545.16,10
1157,387,34,41,1337.4,0
1158,387,25,26,1118.55,10
1159,388,11,13,1774.9,15
1160,388,10,5,273.39,5
1161,389,13,41,126.52,0
1162,389,1,2,2046.52,5
1163,390,31,28,1824.98,5
1164,390,30,7,581.03,10
1165,391,4,11,624.23,0
1166,391,12,43,1072.58,0
1167,392,4,8,624.23,5
1168,393,36,7,1355.94,0
1169,393,12,22,1072.58,0
1170,393,30,59,581.03,5
1171,393,24,54,424.85,0
1172,393,3,50,790.93,5
1173,394,27,38,147.29,15
1174,394,34,42,1337.4,10
1175,394,14,7,1041.0,5
1176,394,4,48,624.23,15
1177,394,7,40,798.24,15
1178,395,9,35,1085.74,15
1179,395,37,42,1417.24,5
1180,395,32,33,595.47,0
1181,396,1,3,2046.52,5
1182,396,8,42,2085.52,0
1183,397,1,46,2046.52,0
1184,397,13,18,126.52,0
1185,398,26,55,636.68,0
1186,398,37,14,1417.24,0
1187,398,2,55,1345.82,0
1188,399,22,21,1120.38,10
1189,399,30,48,581.03,15
1190,399,27,22,147.29,10
1191,399,4,36,624.23,0
1192,399,34,15,1337.4,10
1193,400,25,38,1118.55,10
1194,400,35,26,989.87,0
1195,400,11,40,1774.9,0
1196,401,18,28,381.44,0
1197,402,8,52,2085.52,0
1198,402,24,51,424.85,0
1199,403,34,51,1337.4,0
1200,403,20,54,1115.25,10
1201,403,21,45,782.44,0
1202,403,10,15,273.39,15
1203,404,6,35,545.16,15
1204,404,22,49,1120.38,0
1205,404,30,3,581.03,10
1206,404,3,50,790.93,0
1207,404,7,42,798.24,0
1208,405,21,12,782.44,0
1209,405,29,9,136.34,0
1210,405,8,41,2085.52,10
1211,405,18,34,381.44,0
1212,405,10,15,273.39,10
1213,406,11,21,1774.9,10
1214,406,5,59,838.18,0
1215,407,6,29,545.16,5
1216,408,20,47,1115.25,15
1217,408,22,53,1120.38,10
1218,408,13,7,126.52,5
1219,409,31,60,1824.98,0
1220,409,15,27,360.05,0
1221,409,10,46,273.39,15
1222,409,17,23,1140.88,0
1223,410,19,40,1448.97,10
1224,410,23,10,413.96,10
1225,411,35,39,989.87,5
1226,411,30,17,581.03,10
1227,411,26,17,636.68,10
1228,412,28,13,2174.63,15
1229,412,37,44,1417.24,0
1230,412,22,49,1120.38,15
1231,412,35,38,989.87,5
1232,412,16,9,145.88,10
1233,413,7,45,798.24,10
1234,414,6,15,545.16,0
1235,415,29,38,136.34,15
1236,415,13,21,126.52,5
1237,415,14,47,1041.0,0
1238,415,21,7,782.44,10
1239,415,20,2,1115.25,10
1240,416,1,47,2046.52,10
1241,417,21,36,782.44,0
1242,417,25,44,1118.55,0
1243,417,26,32,636.68,0
1244,417,28,14,2174.63,10
1245,418,9,6,1085.74,15
1246,418,1,3,2046.52,0
1247,419,6,43,545.16,5
1248,419,9,57,1085.74,5
1249,420,28,16,2174.63,0
1250,420,36,29,1355.94,10
1251,420,29,2,136.34,10
1252,420,25,33,1118.55,15
1253,420,23,17,413.96,15
1254,421,31,48,1824.98,15
1255,421,24,35,424.85,0
1256,421,8,31,2085.52,10
1257,421,6,7,545.16,10
1258,421,10,58,273.39,10
1259,422,35,53,989.87,10
1260,423,37,53,1417.24,0
1261,423,22,20,1120.38,0
1262,423,27,4,147.29,15
1263,423,23,40,413.96,15
1264,424,37,44,1417.24,0
1265,424,4,53,624.23,15
1266,425,17,19,1140.88,0
1267,425,9,2,1085.74,15
1268,425,18,9,381.44,10
1269,426,24,33,424.85,0
1270,426,12,53,1072.58,10
1271,426,17,57,1140.88,0
1272,426,16,23,145.88,0
1273,427,11,5,1774.9,15
1274,427,14,18,1041.0,0
1275,427,37,5,1417.24,0
1276,427,23,31,413.96,5
1277,428,17,2,1140.88,0
1278,428,10,53,273.39,5
1279,428,34,26,1337.4,15
1280,428,28,22,2174.63,10
1281,429,22,18,1120.38,15
1282,429,18,39,381.44,5
1283,429,7,31,798.24,15
1284,430,21,2,782.44,15
1285,430,36,2,1355.94,0
1286,431,17,3,1140.88,10
1287,431,13,7,126.52,0
1288,431,3,40,790.93,15
1289,432,9,26,1085.74,15
1290,433,17,31,1140.88,15
1291,433,19,6,1448.97,15
1292,434,17,19,1140.88,0
1293,434,11,26,1774.9,5
1294,434,5,23,838.18,0
1295,435,26,43,636.68,5
1296,435,12,8,1072.58,0
1297,436,5,38,838.18,15
1298,437,25,19,1118.55,0
1299,438,31,36,1824.98,0
1300,438,28,2,2174.63,5
1301,438,26,46,636.68,5
1302,438,5,9,838.18,10
1303,439,4,56,624.23,0
1304,439,6,7,545.16,5
1305,439,24,50,424.85,0
1306,439,35,43,989.87,0
1307,440,23,33,413.96,0
1308,441,16,43,145.88,0
1309,441,32,33,595.47,10
1310,441,25,55,1118.55,5
1311,441,5,3,838.18,0
1312,441,35,23,989.87,0
1313,442,30,4,581.03,15
1314,442,35,11,989.87,5
1315,442,10,43,273.39,0
1316,442,15,32,360.05,10
1317,442,5,4,838.18,0
1318,443,7,55,798.24,10
1319,443,30,6,581.03,0
1320,443,11,9,1774.9,5
1321,444,21,10,782.44,0
1322,444,8,55,2085.52,0
1323,444,37,50,1417.24,0
1324,444,35,39,989.87,0
1325,445,11,17,1774.9,10
1326,445,24,4,424.85,0
1327,445,36,8,1355.94,15
1328,445,29,41,136.34,5
1329,446,19,28,1448.97,15
1330,447,16,41,145.88,0
1331,447,12,42,1072.58,0
1332,447,3,24,790.93,5
1333,447,32,2,595.47,10
1334,448,33,5,1607.06,0
1335,448,15,9,360.05,0
1336,448,30,45,581.03,5
1337,448,14,33,1041.0,0
1338,448,18,12,381.44,15
1339,449,28,23,2174.63,10
1340,449,17,53,1140.88,5
1341,450,33,48,1607.06,5
1342,450,8,39,2085.52,10
1343,450,5,22,838.18,5
1344,450,16,14,145.88,15
1345,451,7,49,798.24,5
1346,451,16,57,145.88,0
1347,452,10,26,273.39,0
1348,452,14,10,1041.0,5
1349,452,30,48,581.03,0
1350,452,12,42,1072.58,0
1351,453,8,31,2085.52,5
1352,453,30,12,581.03,0
1353,454,37,56,1417.24,0
1354,454,36,7,1355.94,5
1355,455,28,49,2174.63,0
1356,456,1,4,2046.52,5
1357,456,27,35,147.29,5
1358,456,3,32,790.93,15
1359,456,31,54,1824.98,0
1360,456,33,30,1607.06,5
1361,457,6,32,545.16,15
1362,457,2,21,1345.82,0
1363,458,12,57,1072.58,15
1364,458,24,6,424.85,5
1365,458,30,59,581.03,15
1366,458,1,23,2046.52,10
1367,459,35,49,989.87,0
1368,459,37,34,1417.24,15
1369,459,14,25,1041.0,0
1370,459,6,9,545.16,5
1371,459,22,25,1120.38,5
1372,460,5,17,838.18,10
1373,460,36,9,1355.94,15
1374,460,14,32,1041.0,15
1375,460,9,50,1085.74,10
1376,460,22,57,1120.38,15
1377,461,18,24,381.44,5
1378,461,4,33,624.23,10
1379,461,5,35,838.18,0
1380,461,24,32,424.85,15
1381,462,6,27,545.16,0
1382,463,10,33,273.39,0
1383,464,9,49,1085.74,15
1384,464,31,3,1824.98,0
1385,464,23,14,413.96,0
1386,464,27,3,147.29,0
1387,464,29,55,136.34,10
1388,465,32,30,595.47,5
1389,465,34,21,1337.4,10
1390,465,36,10,1355.94,0
1391,466,10,24,273.39,0
1392,467,19,9,1448.97,0
1393,467,12,22,1072.58,10
1394,467,10,10,273.39,5
1395,467,11,18,1774.9,0
1396,467,16,13,145.88,0
1397,468,10,36,273.39,0
1398,468,24,36,424.85,0
1399,468,29,9,136.34,0
1400,469,33,44,1607.06,0
1401,469,22,53,1120.38,10
1402,469,19,48,1448.97,5
1403,469,31,23,1824.98,15
1404,469,37,9,1417.24,15
1405,470,15,5,360.05,10
1406,470,29,43,136.34,0
1407,470,23,39,413.96,10
1408,470,6,16,545.16,0
1409,470,21,14,782.44,0
1410,471,33,27,1607.06,0
1411,471,4,47,624.23,5
1412,471,24,25,424.85,5
1413,472,14,48,1041.0,5
1414,473,27,15,147.29,0
1415,473,9,32,1085.74,10
1416,473,6,23,545.16,0
1417,473,10,39,273.39,5
1418,474,9,37,1085.74,5
1419,474,13,4,126.52,0
1420,474,12,55,1072.58,10
1421,474,25,21,1118.55,5
1422,474,19,37,1448.97,15
1423,475,8,33,2085.52,15
1424,475,19,43,1448.97,0
1425,475,27,3,147.29,0
1426,475,12,50,1072.58,0
1427,476,31,25,1824.98,10
1428,476,37,48,1417.24,10
1429,476,28,3,2174.63,0
1430,476,17,12,1140.88,10
1431,476,8,5,2085.52,0
1432,477,23,42,413.96,0
1433,477,4,34,624.23,0
1434,477,19,51,1448.97,15
1435,477,34,13,1337.4,0
1436,478,7,54,798.24,0
1437,478,35,2,989.87,0
1438,478,23,35,413.96,0
1439,479,15,47,360.05,10
1440,479,13,46,126.52,0
1441,479,36,28,1355.94,5
1442,479,34,60,1337.4,0
1443,479,35,9,989.87,0
1444,480,34,49,1337.4,0
1445,480,22,16,1120.38,0
1446,480,12,56,1072.58,15
1447,480,20,11,1115.25,15
1448,480,2,16,1345.82,0
1449,481,2,51,1345.82,5
1450,482,4,6,624.23,0
1451,482,31,44,1824.98,0
1452,482,8,50,2085.52,0
1453,482,17,52,1140.88,0
1454,482,3,60,790.93,10
1455,483,18,24,381.44,0
1456,483,23,56,413.96,10
1457,484,13,12,126.52,10
1458,484,19,2,1448.97,15
1459,485,7,29,798.24,0
1460,485,12,34,1072.58,0
1461,485,23,28,413.96,0
1462,485,25,50,1118.55,0
1463,486,36,22,1355.94,5
1464,486,3,9,790.93,5
1465,486,6,20,545.16,5
1466,487,13,13,126.52,0
1467,487,5,45,838.18,5
1468,487,31,45,1824.98,0
1469,487,24,27,424.85,5
1470,488,5,14,838.18,0
1471,488,24,14,424.85,10
1472,489,18,44,381.44,10
1473,489,26,27,636.68,5
1474,489,23,34,413.96,0
1475,489,31,11,1824.98,5
1476,490,9,8,1085.74,15
1477,490,2,5,1345.82,0
1478,491,7,51,798.24,5
1479,491,5,52,838.18,5
1480,491,34,14,1337.4,0
1481,492,2,30,1345.82,0
1482,492,3,56,790.93,5
1483,492,28,30,2174.63,5
1484,492,8,4,2085.52,0
1485,492,25,13,1118.55,10
1486,493,20,33,1115.25,0
1487,493,25,38,1118.55,15
1488,494,33,27,1607.06,0
1489,494,4,33,624.23,10
1490,495,9,55,1085.74,0
1491,496,23,17,413.96,0
1492,496,27,43,147.29,0
1493,496,4,39,624.23,0
1494,496,16,60,145.88,15
1495,497,30,44,581.03,5
1496,498,21,8,782.44,15
1497,498,37,45,1417.24,0
1498,498,7,23,798.24,5
1499,498,32,34,595.47,15
1500,499,35,15,989.87,0
1501,500,7,39,798.24,0
1502,501,20,34,1115.25,0
1503,502,30,57,581.03,0
1504,502,36,38,1355.94,5
1505,502,12,15,1072.58,15
1506,502,2,54,1345.82,15
1507,502,34,31,1337.4,0
1508,503,16,49,145.88,15
1509,503,10,50,273.39,0
1510,504,11,27,1774.9,0
1511,504,17,9,1140.88,0
1512,504,16,14,145.88,0
1513,505,3,10,790.93,0
1514,505,13,18,126.52,0
1515,505,11,44,1774.9,10
1516,505,18,13,381.44,15
1517,506,6,22,545.16,10
1518,507,6,17,545.16,0
1519,507,26,38,636.68,15
1520,507,9,34,1085.74,0
1521,508,17,51,1140.88,0
1522,508,32,23,595.47,10
1523,508,6,49,545.16,5
1524,508,16,53,145.88,15
1525,508,8,49,2085.52,0
1526,509,4,25,624.23,15
1527,509,32,9,595.47,0
1528,509,35,36,989.87,5
1529,510,2,46,1345.82,15
1530,510,3,17,790.93,0
1531,510,4,37,624.23,5
1532,511,25,21,1118.55,0
1533,511,1,54,2046.52,0
1534,511,26,21,636.68,0
1535,511,17,57,1140.88,0
1536,512,31,58,1824.98,0
1537,512,27,54,147.29,0
1538,512,22,46,1120.38,0
1539,512,28,34,2174.63,0
1540,513,12,42,1072.58,5
1541,514,11,17,1774.9,10
1542,515,17,45,1140.88,10
1543,515,12,54,1072.58,0
1544,516,26,55,636.68,10
1545,516,25,16,1118.55,0
1546,517,13,27,126.52,10
1547,517,17,29,1140.88,10
1548,517,11,18,1774.9,0
1549,517,4,7,624.23,0
1550,518,32,14,595.47,0
1551,518,8,20,2085.52,15
1552,518,15,33,360.05,5
1553,518,14,10,1041.0,5
1554,519,2,18,1345.82,0
1555,519,19,41,1448.97,5
1556,520,26,47,636.68,5
1557,520,14,49,1041.0,10
1558,520,25,18,1118.55,0
1559,521,3,21,790.93,5
1560,521,1,44,2046.52,0
1561,521,17,10,1140.88,10
1562,521,33,4,1607.06,10
1563,521,25,13,1118.55,0
1564,522,9,29,1085.74,0
1565,522,6,18,545.16,0
1566,522,21,22,782.44,0
1567,522,34,10,1337.4,5
1568,523,17,29,1140.88,0
1569,523,34,22,1337.4,15
1570,523,21,33,782.44,0
1571,524,13,11,126.52,0
1572,525,30,9,581.03,5
1573,525,28,4,2174.63,5
1574,526,8,7,2085.52,0
1575,526,23,57,413.96,0
1576,527,1,51,2046.52,10
1577,527,34,13,1337.4,5
1578,528,26,25,636.68,10
1579,529,30,4,581.03,15
1580,529,18,41,381.44,5
1581,529,1,22,2046.52,15
1582,529,22,48,1120.38,10
1583,530,21,37,782.44,10
1584,530,4,26,624.23,0
1585,530,5,27,838.18,0
1586,531,26,21,636.68,5
1587,531,19,53,1448.97,5
1588,531,10,49,273.39,0
1589,531,8,59,2085.52,15
1590,532,31,7,1824.98,5
1591,532,18,53,381.44,0
1592,532,37,41,1417.24,0
1593,532,28,29,2174.63,15
1594,533,32,42,595.47,15
1595,533,34,35,1337.4,0
1596,534,16,20,145.88,10
1597,534,34,5,1337.4,10
1598,534,28,6,2174.63,0
1599,535,30,44,581.03,15
1600,536,12,28,1072.58,15
1601,536,26,21,636.68,0
1602,536,3,39,790.93,15
1603,536,6,31,545.16,15
1604,537,17,2,1140.88,5
1605,537,7,9,798.24,0
1606,537,28,12,2174.63,15
1607,537,35,32,989.87,5
1608,537,2,46,1345.82,5
1609,538,20,14,1115.25,0
1610,538,6,54,545.16,0
1611,538,9,46,1085.74,0
1612,538,1,56,2046.52,0
1613,539,28,14,2174.63,0
1614,539,35,21,989.87,5
1615,540,32,39,595.47,0
1616,540,31,14,1824.98,0
1617,540,2,38,1345.82,5
1618,540,29,5,136.34,0
1619,541,19,39,1448.97,15
1620,541,3,41,790.93,15
1621,541,32,59,595.47,5
1622,541,26,16,636.68,15
1623,541,33,5,1607.06,10
1624,542,31,30,1824.98,15
1625,542,8,29,2085.52,0
1626,542,32,12,595.47,0
1627,542,23,48,413.96,0
1628,543,22,10,1120.38,0
1629,543,30,48,581.03,15
1630,544,14,46,1041.0,15
1631,544,19,7,1448.97,15
1632,545,32,15,595.47,10
1633,545,7,5,798.24,0
1634,545,27,24,147.29,0
1635,545,20,24,1115.25,15
1636,545,16,12,145.88,0
1637,546,15,51,360.05,0
1638,546,32,51,595.47,10
1639,546,17,19,1140.88,0
1640,546,22,56,1120.38,15
1641,546,23,57,413.96,10
1642,547,7,42,798.24,0
1643,547,36,57,1355.94,0
1644,547,3,60,790.93,0
1645,547,33,12,1607.06,15
1646,547,11,20,1774.9,15
1647,548,10,43,273.39,0
1648,549,16,55,145.88,5
1649,550,24,11,424.85,10
1650,550,27,28,147.29,0
1651,550,16,10,145.88,5
1652,551,10,7,273.39,0
1653,551,1,22,2046.52,5
1654,551,34,51,1337.4,0
1655,551,5,29,838.18,0
1656,552,37,42,1417.24,15
1657,552,4,53,624.23,15
1658,553,20,59,1115.25,10
1659,553,21,41,782.44,0
1660,553,23,46,413.96,5
1661,553,1,30,2046.52,15
1662,553,18,15,381.44,10
1663,554,25,36,1118.55,0
1664,554,9,15,1085.74,0
1665,554,34,34,1337.4,10
1666,555,17,9,1140.88,15
1667,555,16,5,145.88,0
1668,555,20,18,1115.25,15
1669,555,28,34,2174.63,0
1670,555,33,9,1607.06,0
1671,556,30,23,581.03,0
1672,557,16,54,145.88,0
1673,557,7,31,798.24,0
1674,557,21,11,782.44,15
1675,557,34,29,1337.4,5
1676,557,13,7,126.52,0
1677,558,26,42,636.68,5
1678,558,36,30,1355.94,15
1679,558,34,33,1337.4,15
1680,558,17,28,1140.88,0
1681,558,32,11,595.47,10
1682,559,14,31,1041.0,5
1683,560,8,38,2085.52,0
1684,560,27,4,147.29,10
1685,560,24,11,424.85,0
1686,561,2,59,1345.82,0
1687,561,10,58,273.39,0
1688,561,27,15,147.29,0
1689,561,4,54,624.23,15
1690,562,37,52,1417.24,5
1691,562,20,32,1115.25,15
1692,562,29,55,136.34,10
1693,562,22,10,1120.38,0
1694,563,27,36,147.29,0
1695,563,25,44,1118.55,5
1696,563,15,49,360.05,0
1697,563,26,43,636.68,0
1698,563,22,57,1120.38,0
1699,564,13,41,126.52,10
1700,565,8,44,2085.52,10
1701,566,29,39,136.34,0
1702,566,6,33,545.16,0
1703,566,35,23,989.87,5
1704,566,21,13,782.44,5
1705,566,26,3,636.68,10
1706,567,35,12,989.87,0
1707,568,21,13,782.44,0
1708,569,25,14,1118.55,0
1709,569,8,50,2085.52,10
1710,569,4,39,624.23,0
1711,570,18,5,381.44,0
1712,571,18,37,381.44,10
1713,572,33,15,1607.06,0
1714,573,29,43,136.34,0
1715,573,3,2,790.93,0
1716,573,1,60,2046.52,5
1717,573,30,19,581.03,10
1718,573,19,18,1448.97,15
1719,574,33,38,1607.06,0
1720,574,19,21,1448.97,0
1721,574,3,27,790.93,15
1722,574,11,9,1774.9,0
1723,574,35,48,989.87,10
1724,575,17,17,1140.88,15
1725,575,29,22,136.34,0
1726,575,18,15,381.44,5
1727,576,12,28,1072.58,10
1728,577,29,45,136.34,0
1729,578,8,31,2085.52,0
1730,579,13,53,126.52,15
1731,579,6,16,545.16,0
1732,579,20,33,1115.25,0
1733,580,14,57,1041.0,0
1734,580,1,38,2046.52,10
1735,580,13,33,126.52,0
1736,580,26,37,636.68,0
1737,580,8,44,2085.52,15
1738,581,5,49,838.18,0
1739,581,9,10,1085.74,0
1740,582,17,43,1140.88,15
1741,582,36,43,1355.94,0
1742,582,30,56,581.03,0
1743,582,1,29,2046.52,5
1744,582,28,19,2174.63,0
1745,583,15,5,360.05,0
1746,584,2,14,1345.82,0
1747,584,15,23,360.05,0
1748,584,28,6,2174.63,15
1749,584,5,42,838.18,0
1750,584,16,3,145.88,5
1751,585,31,17,1824.98,0
1752,586,7,5,798.24,0
1753,586,29,26,136.34,0
1754,586,8,58,2085.52,15
1755,586,6,6,545.16,0
1756,587,7,45,798.24,0
1757,588,1,26,2046.52,5
1758,588,30,52,581.03,5
1759,589,30,35,581.03,0
1760,590,37,42,1417.24,10
1761,590,9,18,1085.74,0
1762,591,4,10,624.23,0
1763,592,10,21,273.39,10
1764,592,31,23,1824.98,0
1765,593,16,34,145.88,10
1766,594,22,14,1120.38,15
1767,595,22,31,1120.38,0
1768,595,20,33,1115.25,0
1769,595,27,60,147.29,0
1770,595,11,42,1774.9,0
1771,595,7,46,798.24,0
1772,596,25,13,1118.55,0
1773,596,14,25,1041.0,0
1774,596,26,6,636.68,0
1775,597,3,14,790.93,0
1776,597,2,13,1345.82,0
1777,597,13,58,126.52,0
1778,598,7,26,798.24,15
1779,598,2,52,1345.82,0
1780,598,9,23,1085.74,0
1781,599,28,52,2174.63,0
1782,599,5,14,838.18,10
1783,599,8,26,2085.52,15
1784,599,10,25,273.39,0
1785,599,9,40,1085.74,5
1786,600,13,17,126.52,0
1787,600,35,42,989.87,0
1788,600,19,57,1448.97,0
1789,600,10,56,273.39,10
1790,600,21,39,782.44,5
1791,601,24,22,424.85,15
1792,601,32,25,595.47,10
1793,601,34,46,1337.4,5
1794,601,30,47,581.03,5
1795,601,12,32,1072.58,0
1796,602,16,29,145.88,5
1797,602,26,38,636.68,0
1798,602,14,55,1041.0,0
1799,602,20,18,1115.25,10
1800,603,34,31,1337.4,10
1801,603,23,41,413.96,0
1802,603,15,29,360.05,5
1803,603,3,31,790.93,5
1804,604,15,59,360.05,0
1805,604,17,20,1140.88,10
1806,604,5,34,838.18,10
1807,604,23,43,413.96,0
1808,605,22,45,1120.38,0
1809,605,13,18,126.52,0
1810,606,1,54,2046.52,0
1811,606,20,52,1115.25,5
1812,606,19,27,1448.97,10
1813,607,31,35,1824.98,10
1814,607,15,52,360.05,10
1815,608,27,3,147.29,0
1816,608,14,10,1041.0,10
1817,608,29,57,136.34,0
1818,608,36,21,1355.94,15
1819,609,22,29,1120.38,15
1820,609,15,50,360.05,5
1821,609,27,50,147.29,15
1822,610,37,15,1417.24,5
1823,610,26,6,636.68,10
1824,610,25,26,1118.55,0
1825,611,7,13,798.24,0
1826,611,36,54,1355.94,15
1827,612,34,5,1337.4,0
1828,612,5,35,838.18,0
1829,612,30,12,581.03,0
1830,613,25,59,1118.55,0
1831,614,37,19,1417.24,0
1832,614,20,2,1115.25,0
1833,614,13,30,126.52,0
1834,614,33,54,1607.06,5
1835,614,30,40,581.03,0
1836,615,19,43,1448.97,5
1837,616,27,13,147.29,10
1838,616,16,48,145.88,5
1839,617,7,19,798.24,15
1840,617,26,36,636.68,0
1841,617,3,44,790.93,0
1842,617,16,46,145.88,15
1843,617,11,48,1774.9,0
1844,618,21,15,782.44,10
1845,618,27,4,147.29,5
1846,618,29,3,136.34,0
1847,618,11,42,1774.9,15
1848,618,17,45,1140.88,15
1849,619,26,2,636.68,0
1850,619,3,9,790.93,15
1851,620,29,32,136.34,0
1852,620,9,55,1085.74,0
1853,621,11,11,1774.9,5
1854,621,5,24,838.18,0
1855,621,1,15,2046.52,15
1856,621,18,4,381.44,15
1857,622,25,46,1118.55,0
1858,623,24,14,424.85,0
1859,623,16,3,145.88,5
1860,624,7,48,798.24,0
1861,624,11,4,1774.9,5
1862,625,26,8,636.68,0
1863,625,28,22,2174.63,0
1864,625,8,2,2085.52,5
1865,625,15,43,360.05,0
1866,625,14,2,1041.0,5
1867,626,14,28,1041.0,0
1868,627,11,45,1774.9,15
1869,627,17,10,1140.88,0
1870,627,7,13,798.24,15
1871,627,21,50,782.44,15
1872,627,25,22,1118.55,15
1873,628,29,16,136.34,0
1874,628,25,41,1118.55,0
1875,628,33,21,1607.06,0
1876,628,15,49,360.05,5
1877,628,1,50,2046.52,0
1878,629,3,48,790.93,10
1879,629,16,30,145.88,15
1880,630,2,23,1345.82,0
1881,630,15,15,360.05,10
1882,630,22,5,1120.38,15
1883,631,25,42,1118.55,0
1884,631,34,6,1337.4,5
1885,631,21,6,782.44,0
1886,631,12,5,1072.58,15
1887,631,29,11,136.34,0
1888,632,30,17,581.03,5
1889,632,20,13,1115.25,10
1890,632,11,17,1774.9,0
1891,632,13,20,126.52,10
1892,633,24,27,424.85,5
1893,634,28,29,2174.63,0
1894,634,10,50,273.39,0
1895,634,31,40,1824.98,10
1896,634,2,11,1345.82,10
1897,634,25,48,1118.55,0
1898,635,5,14,838.18,0
1899,635,22,60,1120.38,0
1900,635,9,2,1085.74,0
1901,635,31,57,1824.98,10
1902,636,5,60,838.18,0
1903,636,27,26,147.29,10
1904,636,3,12,790.93,0
1905,637,4,49,624.23,0
1906,637,25,17,1118.55,5
1907,637,28,4,2174.63,0
1908,638,17,40,1140.88,10
1909,638,16,44,145.88,0
1910,639,26,58,636.68,5
1911,639,6,12,545.16,5
1912,639,34,18,1337.4,15
1913,639,13,21,126.52,10
1914,640,10,49,273.39,5
1915,640,18,46,381.44,0
1916,640,14,2,1041.0,0
1917,641,11,14,1774.9,5
1918,641,12,13,1072.58,10
1919,641,24,9,424.85,5
1920,641,9,38,1085.74,0
1921,642,7,7,798.24,5
1922,642,11,9,1774.9,0
1923,642,6,6,545.16,0
1924,642,19,3,1448.97,10
1925,643,1,5,2046.52,0
1926,644,34,50,1337.4,0
1927,644,18,40,381.44,5
1928,644,32,23,595.47,0
1929,644,31,45,1824.98,0
1930,645,25,53,1118.55,0
1931,645,4,2,624.23,5
1932,645,23,57,413.96,15
1933,645,22,27,1120.38,15
1934,646,24,41,424.85,15
1935,646,29,44,136.34,5
1936,647,21,45,782.44,5
1937,648,7,47,798.24,0
1938,648,25,57,1118.55,10
1939,648,19,58,1448.97,10
1940,648,13,52,126.52,15
1941,649,11,44,1774.9,10
1942,649,29,17,136.34,0
1943,649,8,15,2085.52,0
1944,649,31,50,1824.98,15
1945,650,11,22,1774.9,5
1946,651,8,7,2085.52,15
1947,651,9,23,1085.74,0
1948,651,35,38,989.87,10
1949,651,32,6,595.47,15
1950,652,8,9,2085.52,0
1951,652,19,23,1448.97,15
1952,652,6,39,545.16,0
1953,653,4,56,624.23,5
1954,653,35,29,989.87,0
1955,653,13,51,126.52,0
1956,654,30,33,581.03,15
1957,654,21,31,782.44,0
1958,654,10,40,273.39,0
1959,654,19,11,1448.97,15
1960,654,15,44,360.05,15
1961,655,31,5,1824.98,0
1962,655,14,11,1041.0,15
1963,655,32,15,595.47,15
1964,655,19,53,1448.97,0
1965,655,25,46,1118.55,15
1966,656,2,27,1345.82,0
1967,656,36,29,1355.94,15
1968,657,19,27,1448.97,0
1969,657,13,10,126.52,0
1970,657,36,50,1355.94,10
1971,658,31,15,1824.98,15
1972,658,19,14,1448.97,15
1973,658,10,43,273.39,0
1974,658,14,25,1041.0,15
1975,659,7,24,798.24,5
1976,660,28,17,2174.63,0
1977,660,10,9,273.39,0
1978,660,26,27,636.68,5
1979,661,6,42,545.16,15
1980,661,30,30,581.03,0
1981,661,25,2,1118.55,0
1982,661,18,9,381.44,0
1983,662,15,46,360.05,15
1984,662,2,8,1345.82,10
1985,662,37,13,1417.24,5
1986,662,31,32,1824.98,15
1987,662,18,46,381.44,5
1988,663,12,52,1072.58,10
1989,663,26,33,636.68,0
1990,663,2,35,1345.82,10
1991,663,36,36,1355.94,15
1992,663,35,54,989.87,15
1993,664,12,37,1072.58,5
1994,664,1,53,2046.52,0
1995,665,6,18,545.16,0
1996,665,36,7,1355.94,0
1997,666,3,44,790.93,10
1998,666,34,30,1337.4,0
1999,666,19,38,1448.97,5
2000,667,3,17,790.93,0
2001,668,18,6,381.44,10
2002,668,9,18,1085.74,0
2003,668,28,26,2174.63,15
2004,669,35,6,989.87,15
2005,669,14,48,1041.0,0
2006,670,37,28,1417.24,0
2007,670,33,22,1607.06,5
2008,670,11,26,1774.9,0
2009,671,22,42,1120.38,0
2010,672,15,13,360.05,10
2011,672,25,48,1118.55,0
2012,672,7,39,798.24,5
2013,672,8,8,2085.52,10
2014,673,11,22,1774.9,5
2015,674,9,47,1085.74,0
2016,674,17,44,1140.88,0
2017,674,1,11,2046.52,5
2018,674,33,38,1607.06,15
2019,675,16,13,145.88,5
2020,675,27,24,147.29,5
2021,675,30,34,581.03,0
2022,676,20,21,1115.25,5
2023,676,6,51,545.16,0
2024,677,6,38,545.16,0
2025,677,11,7,1774.9,15
2026,678,31,34,1824.98,15
2027,678,32,45,595.47,10
2028,679,23,12,413.96,15
2029,679,16,58,145.88,10
2030,679,34,59,1337.4,0
2031,679,3,13,790.93,0
2032,679,29,25,136.34,0
2033,680,22,60,1120.38,15
2034,681,1,27,2046.52,0
2035,681,37,21,1417.24,15
2036,682,22,2,1120.38,0
2037,682,20,58,1115.25,15
2038,682,23,13,413.96,5
2039,682,7,24,798.24,0
2040,683,8,51,2085.52,15
2041,683,32,18,595.47,0
2042,683,1,32,2046.52,5
2043,683,10,25,273.39,0
2044,684,7,10,798.24,0
2045,684,29,49,136.34,5
2046,684,11,2,1774.9,0
2047,685,3,32,790.93,15
2048,685,11,19,1774.9,0
2049,685,13,28,126.52,5
2050,686,9,10,1085.74,0
2051,686,8,24,2085.52,10
2052,686,7,2,798.24,15
2053,686,2,17,1345.82,0
2054,687,6,48,545.16,10
2055,687,28,13,2174.63,0
2056,687,16,19,145.88,0
2057,687,10,57,273.39,0
2058,688,33,41,1607.06,0
2059,689,8,27,2085.52,0
2060,689,9,19,1085.74,0
2061,690,34,29,1337.4,5
2062,690,20,5,1115.25,10
2063,690,15,29,360.05,15
2064,690,22,5,1120.38,0
2065,691,12,4,1072.58,0
2066,692,7,25,798.24,0
2067,692,28,21,2174.63,0
2068,692,12,8,1072.58,15
2069,692,17,2,1140.88,15
2070,692,32,37,595.47,0
2071,693,14,58,1041.0,0
2072,693,25,10,1118.55,15
2073,693,6,49,545.16,10
2074,694,35,41,989.87,0
2075,695,35,4,989.87,0
2076,695,10,14,273.39,5
2077,696,23,6,413.96,5
2078,696,24,28,424.85,10
2079,696,29,34,136.34,0
2080,696,8,12,2085.52,10
2081,696,28,19,2174.63,15
2082,697,13,49,126.52,5
2083,698,11,30,1774.9,10
2084,699,18,38,381.44,0
2085,699,14,39,1041.0,15
2086,699,12,2,1072.58,10
2087,699,1,31,2046.52,10
2088,699,11,47,1774.9,15
2089,700,15,36,360.05,0
2090,700,3,20,790.93,0
2091,701,14,9,1041.0,0
2092,701,35,43,989.87,0
2093,702,17,5,1140.88,15
2094,702,9,54,1085.74,0
2095,702,27,54,147.29,0
2096,702,19,16,1448.97,15
2097,702,21,19,782.44,0
2098,703,7,54,798.24,5
2099,703,25,16,1118.55,0
2100,703,17,19,1140.88,0
2101,703,36,39,1355.94,15
2102,703,14,53,1041.0,5
2103,704,24,33,424.85,0
2104,704,10,31,273.39,0
2105,704,31,54,1824.98,0
2106,704,6,14,545.16,10
2107,705,26,6,636.68,0
2108,705,13,6,126.52,5
2109,706,7,26,798.24,5
2110,707,10,36,273.39,15
2111,707,1,54,2046.52,0
2112,707,7,56,798.24,15
2113,708,29,11,136.34,0
2114,708,11,5,1774.9,10
2115,708,20,46,1115.25,0
2116,708,22,42,1120.38,10
2117,708,31,9,1824.98,0
2118,709,1,3,2046.52,0
2119,709,15,29,360.05,5
2120,710,8,8,2085.52,0
2121,710,32,24,595.47,0
2122,710,11,41,1774.9,0
2123,710,15,9,360.05,0
2124,711,12,24,1072.58,0
2125,711,28,19,2174.63,5
2126,711,10,44,273.39,0
2127,711,20,18,1115.25,15
2128,711,19,53,1448.97,0
2129,712,5,48,838.18,0
2130,712,8,11,2085.52,0
2131,712,37,22,1417.24,0
2132,712,28,13,2174.63,5
2133,713,9,28,1085.74,10
2134,713,16,33,145.88,10
2135,713,25,36,1118.55,5
2136,714,6,25,545.16,0
2137,714,16,15,145.88,0
2138,715,4,60,624.23,0
2139,716,27,49,147.29,0
2140,716,16,9,145.88,15
2141,716,14,47,1041.0,0
2142,716,15,26,360.05,15
2143,716,4,3,624.23,15
2144,717,2,25,1345.82,0
2145,717,10,7,273.39,0
2146,718,10,49,273.39,10
2147,718,12,46,1072.58,0
2148,718,31,32,1824.98,5
2149,718,9,48,1085.74,0
2150,719,10,5,273.39,15
2151,720,30,34,581.03,0
2152,720,36,47,1355.94,0
2153,720,17,29,1140.88,0
2154,720,37,19,1417.24,0
2155,721,15,27,360.05,0
2156,722,11,14,1774.9,0
2157,722,4,8,624.23,0
2158,722,24,6,424.85,0
2159,722,28,40,2174.63,0
2160,723,20,14,1115.25,10
2161,724,3,7,790.93,0
2162,724,37,2,1417.24,0
2163,724,31,50,1824.98,0
2164,724,4,27,624.23,10
2165,724,21,14,782.44,0
2166,725,22,28,1120.38,15
2167,726,2,32,1345.82,10
2168,726,25,57,1118.55,0
2169,727,6,47,545.16,0
2170,728,34,25,1337.4,10
2171,728,22,56,1120.38,5
2172,728,29,4,136.34,15
2173,728,9,51,1085.74,15
2174,728,19,26,1448.97,0
