order_id,customer_id,order_date,emirate,employee_id,status
1,10,2024-01-10,Ajman,3,Completed
2,1,2024-01-25,Fujairah,3,Completed
3,38,2024-01-05,Abu Dhabi,5,Completed
4,7,2024-01-25,Sharjah,3,Completed
5,25,2024-01-28,Ras Al Khaimah,1,Completed
6,5,2024-01-12,Dubai,3,Completed
7,28,2024-01-17,Ras Al Khaimah,5,Completed
8,40,2024-01-22,Ajman,3,Cancelled
9,13,2024-01-22,Abu Dhabi,4,Cancelled
10,20,2024-01-07,Sharjah,3,Completed
11,20,2024-01-26,Sharjah,2,Completed
12,37,2024-01-23,Ras Al Khaimah,2,Completed
13,8,2024-01-05,Abu Dhabi,4,Cancelled
14,41,2024-01-25,Dubai,3,Cancelled
15,6,2024-01-05,Sharjah,2,Completed
16,27,2024-01-29,Ras Al Khaimah,4,Cancelled
17,1,2024-01-10,Fujairah,3,Cancelled
18,11,2024-01-30,Abu Dhabi,4,Completed
19,18,2024-02-09,Fujairah,4,Cancelled
20,2,2024-02-05,Dubai,5,Completed
21,20,2024-02-19,Sharjah,1,Completed
22,39,2024-02-26,Ras Al Khaimah,1,Cancelled
23,24,2024-02-17,Ajman,1,Completed
24,41,2024-02-23,Dubai,4,Completed
25,18,2024-02-28,Fujairah,3,Completed
26,40,2024-02-13,Ajman,6,Completed
27,6,2024-02-24,Sharjah,2,Completed
28,28,2024-02-18,Ras Al Khaimah,6,Completed
29,18,2024-02-19,Fujairah,6,Cancelled
30,19,2024-02-05,Umm Al Quwain,6,Completed
31,32,2024-02-19,Dubai,1,Completed
32,8,2024-02-25,Abu Dhabi,5,Completed
33,6,2024-02-08,Sharjah,2,Completed
34,19,2024-02-08,Umm Al Quwain,1,Completed
35,10,2024-02-27,Ajman,3,Completed
36,20,2024-02-13,Sharjah,6,Cancelled
37,37,2024-03-31,Ras Al Khaimah,5,Completed
38,28,2024-03-27,Ras Al Khaimah,6,Completed
39,11,2024-03-14,Abu Dhabi,3,Completed
40,35,2024-03-14,Abu Dhabi,4,Completed
41,36,2024-03-18,Sharjah,1,Completed
42,33,2024-03-09,Umm Al Quwain,6,Completed
43,22,2024-03-09,Fujairah,5,Cancelled
44,35,2024-03-15,Abu Dhabi,4,Cancelled
45,3,2024-03-24,Abu Dhabi,3,Completed
46,1,2024-03-05,Fujairah,6,Completed
47,35,2024-03-31,Abu Dhabi,4,Completed
48,29,2024-03-23,Fujairah,2,Completed
49,10,2024-03-17,Ajman,2,Completed
50,10,2024-03-15,Ajman,2,Completed
51,20,2024-03-13,Sharjah,2,Cancelled
52,23,2024-03-10,Fujairah,5,Cancelled
53,4,2024-03-24,Dubai,5,Completed
54,3,2024-03-26,Abu Dhabi,3,Completed
55,31,2024-03-24,Ajman,3,Cancelled
56,15,2024-03-24,Umm Al Quwain,6,Completed
57,24,2024-04-22,Ajman,1,Completed
58,30,2024-04-10,Fujairah,6,Completed
59,8,2024-04-08,Abu Dhabi,1,Cancelled
60,35,2024-04-19,Abu Dhabi,4,Completed
61,14,2024-04-15,Dubai,4,Cancelled
62,13,2024-04-28,Abu Dhabi,1,Cancelled
63,39,2024-04-02,Ras Al Khaimah,1,Cancelled
64,14,2024-04-07,Dubai,5,Cancelled
65,10,2024-04-18,Ajman,2,Completed
66,4,2024-04-24,Dubai,2,Completed
67,29,2024-04-08,Fujairah,5,Cancelled
68,2,2024-04-16,Dubai,1,Cancelled
69,40,2024-04-19,Ajman,6,Completed
70,14,2024-04-15,Dubai,4,Cancelled
71,10,2024-04-30,Ajman,6,Completed
72,9,2024-04-02,Sharjah,5,Completed
73,14,2024-04-22,Dubai,2,Completed
74,37,2024-04-26,Ras Al Khaimah,2,Completed
75,6,2024-04-17,Sharjah,6,Completed
76,4,2024-04-03,Dubai,6,Completed
77,3,2024-04-13,Abu Dhabi,2,Cancelled
78,14,2024-05-25,Dubai,2,Completed
79,5,2024-05-28,Dubai,4,Completed
80,11,2024-05-15,Abu Dhabi,5,Cancelled
81,26,2024-05-24,Abu Dhabi,3,Completed
82,16,2024-05-05,Fujairah,1,Completed
83,41,2024-05-11,Dubai,5,Cancelled
84,38,2024-05-12,Abu Dhabi,1,Completed
85,25,2024-05-19,Ras Al Khaimah,4,Completed
86,33,2024-05-31,Umm Al Quwain,2,Completed
87,29,2024-05-17,Fujairah,5,Completed
88,36,2024-05-13,Sharjah,6,Completed
89,9,2024-05-23,Sharjah,6,Cancelled
90,5,2024-05-28,Dubai,3,Cancelled
91,29,2024-05-14,Fujairah,1,Completed
92,31,2024-05-12,Ajman,2,Completed
93,7,2024-05-28,Sharjah,6,Completed
94,10,2024-05-03,Ajman,4,Cancelled
95,33,2024-05-08,Umm Al Quwain,3,Completed
96,10,2024-05-02,Ajman,2,Completed
97,16,2024-06-04,Fujairah,3,Completed
98,40,2024-06-08,Ajman,3,Completed
99,3,2024-06-13,Abu Dhabi,6,Cancelled
100,38,2024-06-25,Abu Dhabi,6,Completed
101,31,2024-06-06,Ajman,6,Cancelled
102,13,2024-06-26,Abu Dhabi,1,Completed
103,35,2024-06-09,Abu Dhabi,4,Completed
104,28,2024-06-24,Ras Al Khaimah,4,Completed
105,7,2024-06-11,Sharjah,1,Completed
106,18,2024-06-26,Fujairah,6,Cancelled
107,11,2024-06-05,Abu Dhabi,1,Cancelled
108,10,2024-06-15,Ajman,6,Cancelled
109,18,2024-06-04,Fujairah,2,Completed
110,40,2024-06-23,Ajman,3,Cancelled
111,21,2024-06-12,Fujairah,6,Completed
112,24,2024-06-26,Ajman,4,Cancelled
113,31,2024-06-14,Ajman,5,Cancelled
114,28,2024-06-30,Ras Al Khaimah,5,Cancelled
115,11,2024-06-11,Abu Dhabi,2,Cancelled
116,17,2024-07-21,Ras Al Khaimah,2,Cancelled
117,10,2024-07-22,Ajman,2,Completed
118,35,2024-07-21,Abu Dhabi,3,Cancelled
119,14,2024-07-20,Dubai,3,Completed
120,29,2024-07-05,Fujairah,2,Completed
121,32,2024-07-15,Dubai,5,Completed
122,32,2024-07-29,Dubai,5,Cancelled
123,24,2024-07-13,Ajman,1,Completed
124,36,2024-07-25,Sharjah,3,Completed
125,20,2024-07-11,Sharjah,5,Completed
126,38,2024-07-08,Abu Dhabi,5,Completed
127,14,2024-07-17,Dubai,4,Cancelled
128,30,2024-07-11,Fujairah,5,Completed
129,21,2024-07-12,Fujairah,4,Completed
130,6,2024-07-30,Sharjah,3,Completed
131,16,2024-07-02,Fujairah,2,Completed
132,19,2024-07-10,Umm Al Quwain,3,Completed
133,27,2024-08-30,Ras Al Khaimah,2,Cancelled
134,35,2024-08-16,Abu Dhabi,5,Cancelled
135,22,2024-08-24,Fujairah,2,Completed
136,26,2024-08-17,Abu Dhabi,4,Completed
137,1,2024-08-21,Fujairah,3,Completed
138,19,2024-08-20,Umm Al Quwain,3,Completed
139,35,2024-08-27,Abu Dhabi,6,Completed
140,4,2024-08-29,Dubai,5,Completed
141,9,2024-08-14,Sharjah,5,Completed
142,17,2024-08-24,Ras Al Khaimah,1,Completed
143,5,2024-08-02,Dubai,4,Completed
144,9,2024-08-28,Sharjah,6,Completed
145,30,2024-08-24,Fujairah,6,Completed
146,7,2024-08-02,Sharjah,5,Completed
147,14,2024-08-05,Dubai,1,Completed
148,34,2024-08-14,Umm Al Quwain,2,Completed
149,36,2024-08-02,Sharjah,4,Cancelled
150,20,2024-09-05,Sharjah,6,Cancelled
151,36,2024-09-05,Sharjah,5,Completed
152,39,2024-09-28,Ras Al Khaimah,1,Completed
153,36,2024-09-25,Sharjah,3,Completed
154,14,2024-09-11,Dubai,3,Completed
155,17,2024-09-24,Ras Al Khaimah,4,Completed
156,4,2024-09-14,Dubai,1,Completed
157,40,2024-09-22,Ajman,4,Completed
158,35,2024-09-01,Abu Dhabi,3,Completed
159,30,2024-09-08,Fujairah,5,Cancelled
160,6,2024-09-13,Sharjah,4,Completed
161,31,2024-09-02,Ajman,3,Cancelled
162,26,2024-09-10,Abu Dhabi,1,Completed
163,33,2024-09-12,Umm Al Quwain,6,Completed
164,28,2024-09-22,Ras Al Khaimah,2,Completed
165,6,2024-09-10,Sharjah,1,Completed
166,23,2024-09-03,Fujairah,5,Completed
167,25,2024-09-05,Ras Al Khaimah,2,Completed
168,41,2024-09-20,Dubai,4,Completed
169,9,2024-09-11,Sharjah,3,Completed
170,16,2024-10-13,Fujairah,3,Completed
171,29,2024-10-27,Fujairah,3,Completed
172,33,2024-10-14,Umm Al Quwain,6,Completed
173,22,2024-10-04,Fujairah,4,Completed
174,33,2024-10-12,Umm Al Quwain,2,Cancelled
175,34,2024-10-12,Umm Al Quwain,4,Completed
176,34,2024-10-18,Umm Al Quwain,2,Completed
177,1,2024-10-07,Fujairah,6,Completed
178,30,2024-10-09,Fujairah,1,Completed
179,6,2024-10-05,Sharjah,6,Completed
180,37,2024-10-14,Ras Al Khaimah,4,Completed
181,36,2024-10-21,Sharjah,5,Completed
182,37,2024-10-25,Ras Al Khaimah,6,Cancelled
183,7,2024-10-27,Sharjah,6,Completed
184,16,2024-10-26,Fujairah,2,Completed
185,35,2024-10-11,Abu Dhabi,2,Cancelled
186,9,2024-10-30,Sharjah,4,Completed
187,41,2024-10-21,Dubai,3,Completed
188,30,2024-10-22,Fujairah,6,Completed
189,18,2024-10-27,Fujairah,3,Completed
190,28,2024-10-23,Ras Al Khaimah,2,Cancelled
191,11,2024-10-13,Abu Dhabi,1,Completed
192,15,2024-10-22,Umm Al Quwain,5,Completed
193,5,2024-10-13,Dubai,2,Completed
194,10,2024-11-17,Ajman,1,Completed
195,21,2024-11-08,Fujairah,2,Completed
196,20,2024-11-17,Sharjah,2,Completed
197,32,2024-11-20,Dubai,6,Completed
198,27,2024-11-18,Ras Al Khaimah,3,Completed
199,6,2024-11-18,Sharjah,6,Completed
200,38,2024-11-25,Abu Dhabi,6,Cancelled
201,16,2024-11-08,Fujairah,1,Completed
202,32,2024-11-17,Dubai,3,Completed
203,34,2024-11-09,Umm Al Quwain,1,Completed
204,1,2024-11-28,Fujairah,1,Cancelled
205,12,2024-11-18,Umm Al Quwain,1,Cancelled
206,8,2024-11-22,Abu Dhabi,5,Cancelled
207,19,2024-11-11,Umm Al Quwain,3,Completed
208,13,2024-11-29,Abu Dhabi,6,Completed
209,22,2024-11-25,Fujairah,1,Completed
210,34,2024-11-23,Umm Al Quwain,4,Cancelled
211,9,2024-11-10,Sharjah,2,Completed
212,29,2024-11-11,Fujairah,4,Completed
213,10,2024-11-23,Ajman,1,Completed
214,16,2024-11-15,Fujairah,1,Completed
215,6,2024-11-19,Sharjah,5,Completed
216,22,2024-11-02,Fujairah,1,Cancelled
217,26,2024-11-01,Abu Dhabi,4,Completed
218,27,2024-12-16,Ras Al Khaimah,5,Completed
219,23,2024-12-18,Fujairah,4,Cancelled
220,15,2024-12-29,Umm Al Quwain,1,Cancelled
221,16,2024-12-18,Fujairah,3,Cancelled
222,23,2024-12-06,Fujairah,2,Completed
223,6,2024-12-08,Sharjah,1,Completed
224,9,2024-12-23,Sharjah,3,Completed
225,24,2024-12-31,Ajman,6,Completed
226,12,2024-12-10,Umm Al Quwain,4,Completed
227,15,2024-12-19,Umm Al Quwain,6,Completed
228,14,2024-12-23,Dubai,2,Completed
229,35,2024-12-04,Abu Dhabi,4,Cancelled
230,11,2024-12-03,Abu Dhabi,6,Completed
231,11,2024-12-29,Abu Dhabi,5,Completed
232,35,2024-12-22,Abu Dhabi,3,Completed
233,28,2024-12-10,Ras Al Khaimah,1,Cancelled
234,17,2024-12-21,Ras Al Khaimah,1,Completed
235,15,2024-12-19,Umm Al Quwain,3,Completed
236,38,2024-12-18,Abu Dhabi,2,Completed
237,37,2024-12-20,Ras Al Khaimah,6,Completed
238,21,2024-12-30,Fujairah,6,Cancelled
239,36,2025-01-28,Sharjah,3,Completed
240,19,2025-01-29,Umm Al Quwain,5,Completed
241,16,2025-01-24,Fujairah,1,Completed
242,15,2025-01-10,Umm Al Quwain,2,Cancelled
243,24,2025-01-17,Ajman,1,Cancelled
244,26,2025-01-25,Abu Dhabi,2,Cancelled
245,33,2025-01-21,Umm Al Quwain,4,Cancelled
246,39,2025-01-06,Ras Al Khaimah,4,Cancelled
247,37,2025-01-28,Ras Al Khaimah,2,Completed
248,12,2025-01-26,Umm Al Quwain,5,Completed
249,40,2025-01-19,Ajman,4,Completed
250,16,2025-01-26,Fujairah,1,Cancelled
251,37,2025-01-11,Ras Al Khaimah,2,Completed
252,12,2025-01-04,Umm Al Quwain,3,Completed
253,24,2025-01-19,Ajman,3,Completed
254,33,2025-01-28,Umm Al Quwain,1,Completed
255,22,2025-01-06,Fujairah,6,Completed
256,37,2025-01-16,Ras Al Khaimah,2,Cancelled
257,41,2025-01-13,Dubai,4,Completed
258,41,2025-01-08,Dubai,6,Completed
259,30,2025-01-17,Fujairah,6,Completed
260,14,2025-01-01,Dubai,6,Completed
261,35,2025-02-02,Abu Dhabi,5,Completed
262,29,2025-02-04,Fujairah,4,Completed
263,33,2025-02-20,Umm Al Quwain,6,Completed
264,13,2025-02-23,Abu Dhabi,3,Completed
265,6,2025-02-27,Sharjah,1,Completed
266,12,2025-02-28,Umm Al Quwain,1,Completed
267,40,2025-02-24,Ajman,3,Completed
268,8,2025-02-23,Abu Dhabi,2,Completed
269,23,2025-02-01,Fujairah,5,Cancelled
270,5,2025-02-21,Dubai,3,Completed
271,40,2025-02-01,Ajman,1,Completed
272,16,2025-02-09,Fujairah,3,Completed
273,6,2025-02-15,Sharjah,4,Completed
274,14,2025-02-22,Dubai,6,Completed
275,29,2025-02-04,Fujairah,1,Cancelled
276,36,2025-02-12,Sharjah,5,Completed
277,13,2025-02-04,Abu Dhabi,2,Cancelled
278,29,2025-02-22,Fujairah,4,Completed
279,7,2025-02-22,Sharjah,4,Completed
280,29,2025-02-05,Fujairah,2,Completed
281,21,2025-02-04,Fujairah,6,Cancelled
282,4,2025-02-09,Dubai,2,Cancelled
283,14,2025-03-02,Dubai,5,Completed
284,36,2025-03-01,Sharjah,1,Completed
285,39,2025-03-25,Ras Al Khaimah,2,Completed
286,25,2025-03-14,Ras Al Khaimah,1,Completed
287,4,2025-03-20,Dubai,6,Cancelled
288,15,2025-03-17,Umm Al Quwain,2,Completed
289,1,2025-03-22,Fujairah,1,Completed
290,2,2025-03-27,Dubai,5,Cancelled
291,35,2025-03-21,Abu Dhabi,1,Completed
292,10,2025-03-15,Ajman,1,Completed
293,5,2025-03-27,Dubai,5,Completed
294,5,2025-03-19,Dubai,6,Completed
295,39,2025-03-10,Ras Al Khaimah,1,Cancelled
296,19,2025-03-05,Umm Al Quwain,6,Completed
297,14,2025-03-29,Dubai,4,Completed
298,19,2025-03-03,Umm Al Quwain,6,Completed
299,5,2025-03-11,Dubai,2,Completed
300,28,2025-03-27,Ras Al Khaimah,3,Completed
301,35,2025-03-09,Abu Dhabi,2,Completed
302,26,2025-03-07,Abu Dhabi,5,Cancelled
303,6,2025-03-12,Sharjah,4,Completed
304,23,2025-03-08,Fujairah,1,Cancelled
305,14,2025-03-30,Dubai,5,Cancelled
306,17,2025-03-18,Ras Al Khaimah,5,Completed
307,1,2025-03-29,Fujairah,5,Completed
308,39,2025-04-27,Ras Al Khaimah,6,Completed
309,11,2025-04-27,Abu Dhabi,6,Completed
310,4,2025-04-09,Dubai,2,Cancelled
311,39,2025-04-26,Ras Al Khaimah,2,Completed
312,15,2025-04-13,Umm Al Quwain,4,Completed
313,7,2025-04-16,Sharjah,2,Cancelled
314,34,2025-04-12,Umm Al Quwain,4,Cancelled
315,15,2025-04-10,Umm Al Quwain,1,Completed
316,28,2025-04-19,Ras Al Khaimah,6,Completed
317,37,2025-04-25,Ras Al Khaimah,3,Completed
318,36,2025-04-23,Sharjah,5,Completed
319,31,2025-04-14,Ajman,5,Completed
320,4,2025-04-21,Dubai,2,Completed
321,33,2025-04-23,Umm Al Quwain,5,Completed
322,26,2025-04-22,Abu Dhabi,3,Completed
323,30,2025-04-19,Fujairah,4,Completed
324,33,2025-04-29,Umm Al Quwain,3,Completed
325,5,2025-04-21,Dubai,4,Cancelled
326,1,2025-04-27,Fujairah,6,Completed
327,12,2025-04-22,Umm Al Quwain,6,Cancelled
328,14,2025-04-07,Dubai,2,Cancelled
329,21,2025-04-29,Fujairah,4,Cancelled
330,23,2025-04-28,Fujairah,4,Completed
331,25,2025-04-04,Ras Al Khaimah,5,Completed
332,18,2025-04-06,Fujairah,4,Completed
333,41,2025-04-18,Dubai,5,Completed
334,29,2025-05-11,Fujairah,6,Completed
335,12,2025-05-12,Umm Al Quwain,3,Completed
336,6,2025-05-11,Sharjah,2,Completed
337,2,2025-05-24,Dubai,2,Completed
338,34,2025-05-04,Umm Al Quwain,1,Completed
339,9,2025-05-27,Sharjah,5,Completed
340,18,2025-05-15,Fujairah,5,Completed
341,17,2025-05-10,Ras Al Khaimah,2,Completed
342,24,2025-05-14,Ajman,2,Cancelled
343,34,2025-05-26,Umm Al Quwain,5,Completed
344,40,2025-05-09,Ajman,4,Completed
345,6,2025-05-01,Sharjah,2,Completed
346,5,2025-05-16,Dubai,5,Completed
347,13,2025-05-24,Abu Dhabi,4,Cancelled
348,41,2025-05-07,Dubai,3,Completed
349,18,2025-05-04,Fujairah,5,Completed
350,16,2025-05-16,Fujairah,2,Completed
351,25,2025-05-24,Ras Al Khaimah,3,Completed
352,13,2025-05-06,Abu Dhabi,5,Completed
353,1,2025-05-17,Fujairah,6,Completed
354,25,2025-05-17,Ras Al Khaimah,2,Completed
355,37,2025-05-27,Ras Al Khaimah,6,Completed
356,4,2025-05-18,Dubai,3,Completed
357,25,2025-06-07,Ras Al Khaimah,2,Completed
358,23,2025-06-15,Fujairah,6,Completed
359,21,2025-06-14,Fujairah,3,Cancelled
360,29,2025-06-01,Fujairah,4,Completed
361,36,2025-06-18,Sharjah,5,Completed
362,14,2025-06-03,Dubai,6,Completed
363,23,2025-06-14,Fujairah,4,Cancelled
364,39,2025-06-21,Ras Al Khaimah,1,Cancelled
365,10,2025-06-22,Ajman,1,Completed
366,36,2025-06-09,Sharjah,4,Completed
367,21,2025-06-30,Fujairah,6,Completed
368,39,2025-06-01,Ras Al Khaimah,6,Cancelled
369,15,2025-06-22,Umm Al Quwain,2,Completed
370,19,2025-06-11,Umm Al Quwain,1,Completed
371,14,2025-06-18,Dubai,2,Completed
372,19,2025-06-26,Umm Al Quwain,2,Completed
373,19,2025-06-13,Umm Al Quwain,6,Completed
374,20,2025-06-16,Sharjah,3,Completed
375,18,2025-06-21,Fujairah,1,Completed
376,41,2025-06-08,Dubai,6,Completed
377,9,2025-06-30,Sharjah,4,Cancelled
378,8,2025-06-11,Abu Dhabi,2,Cancelled
379,29,2025-06-30,Fujairah,6,Cancelled
380,39,2025-07-20,Ras Al Khaimah,5,Completed
381,31,2025-07-21,Ajman,6,Completed
382,14,2025-07-06,Dubai,1,Cancelled
383,21,2025-07-20,Fujairah,4,Cancelled
384,25,2025-07-25,Ras Al Khaimah,5,Completed
385,30,2025-07-14,Fujairah,2,Completed
386,6,2025-07-17,Sharjah,6,Completed
387,8,2025-07-04,Abu Dhabi,1,Completed
388,22,2025-07-28,Fujairah,5,Completed
389,19,2025-07-06,Umm Al Quwain,6,Completed
390,1,2025-07-29,Fujairah,5,Completed
391,18,2025-07-21,Fujairah,5,Completed
392,37,2025-07-10,Ras Al Khaimah,5,Completed
393,40,2025-07-23,Ajman,6,Completed
394,8,2025-07-28,Abu Dhabi,6,Completed
395,17,2025-07-19,Ras Al Khaimah,5,Cancelled
396,40,2025-07-23,Ajman,2,Completed
397,27,2025-07-11,Ras Al Khaimah,1,Completed
398,21,2025-07-04,Fujairah,1,Completed
399,9,2025-07-05,Sharjah,4,Completed
400,5,2025-08-09,Dubai,2,Cancelled
401,20,2025-08-28,Sharjah,6,Completed
402,29,2025-08-07,Fujairah,3,Completed
403,31,2025-08-05,Ajman,5,Completed
404,8,2025-08-10,Abu Dhabi,1,Cancelled
405,21,2025-08-07,Fujairah,2,Completed
406,10,2025-08-26,Ajman,6,Completed
407,31,2025-08-02,Ajman,6,Completed
408,41,2025-08-23,Dubai,6,Completed
409,7,2025-08-10,Sharjah,4,Completed
410,31,2025-08-12,Ajman,1,Completed
411,21,2025-08-21,Fujairah,5,Completed
412,25,2025-08-11,Ras Al Khaimah,1,Completed
413,29,2025-08-10,Fujairah,2,Cancelled
414,25,2025-08-16,Ras Al Khaimah,3,Completed
415,29,2025-08-10,Fujairah,5,Completed
416,4,2025-08-29,Dubai,3,Completed
417,2,2025-08-14,Dubai,2,Completed
418,27,2025-08-10,Ras Al Khaimah,2,Cancelled
419,32,2025-08-14,Dubai,6,Cancelled
420,39,2025-09-20,Ras Al Khaimah,4,Completed
421,37,2025-09-02,Ras Al Khaimah,3,Cancelled
422,6,2025-09-16,Sharjah,2,Completed
423,35,2025-09-16,Abu Dhabi,1,Completed
424,17,2025-09-21,Ras Al Khaimah,1,Completed
425,9,2025-09-03,Sharjah,5,Cancelled
426,12,2025-09-24,Umm Al Quwain,5,Completed
427,32,2025-09-25,Dubai,4,Completed
428,15,2025-09-22,Umm Al Quwain,4,Completed
429,41,2025-09-28,Dubai,3,Completed
430,13,2025-09-11,Abu Dhabi,5,Completed
431,7,2025-09-15,Sharjah,6,Completed
432,41,2025-09-23,Dubai,1,Cancelled
433,37,2025-09-29,Ras Al Khaimah,2,Completed
434,28,2025-09-29,Ras Al Khaimah,6,Completed
435,17,2025-09-15,Ras Al Khaimah,2,Completed
436,29,2025-09-09,Fujairah,6,Completed
437,32,2025-09-21,Dubai,2,Completed
438,1,2025-09-23,Fujairah,5,Cancelled
439,35,2025-09-11,Abu Dhabi,3,Completed
440,13,2025-09-23,Abu Dhabi,3,Completed
441,3,2025-09-01,Abu Dhabi,2,Completed
442,26,2025-09-07,Abu Dhabi,1,Cancelled
443,9,2025-09-06,Sharjah,1,Completed
444,28,2025-10-26,Ras Al Khaimah,3,Cancelled
445,22,2025-10-04,Fujairah,1,Completed
446,6,2025-10-01,Sharjah,1,Completed
447,10,2025-10-09,Ajman,6,Completed
448,7,2025-10-12,Sharjah,5,Cancelled
449,3,2025-10-21,Abu Dhabi,1,Completed
450,35,2025-10-06,Abu Dhabi,2,Cancelled
451,21,2025-10-25,Fujairah,2,Completed
452,31,2025-10-16,Ajman,5,Completed
453,3,2025-10-19,Abu Dhabi,6,Completed
454,11,2025-10-31,Abu Dhabi,6,Completed
455,38,2025-10-27,Abu Dhabi,4,Completed
456,15,2025-10-31,Umm Al Quwain,5,Completed
457,27,2025-10-05,Ras Al Khaimah,2,Completed
458,2,2025-10-15,Dubai,4,Cancelled
459,3,2025-10-14,Abu Dhabi,3,Cancelled
460,40,2025-10-12,Ajman,1,Completed
461,21,2025-10-29,Fujairah,3,Completed
462,5,2025-10-29,Dubai,2,Cancelled
463,19,2025-10-04,Umm Al Quwain,1,Completed
464,2,2025-10-14,Dubai,3,Cancelled
465,22,2025-10-19,Fujairah,4,Completed
466,31,2025-10-10,Ajman,3,Cancelled
467,30,2025-10-20,Fujairah,2,Cancelled
468,36,2025-10-02,Sharjah,6,Completed
469,30,2025-10-05,Fujairah,3,Completed
470,36,2025-10-10,Sharjah,1,Completed
471,6,2025-10-13,Sharjah,5,Completed
472,23,2025-11-15,Fujairah,3,Cancelled
473,27,2025-11-10,Ras Al Khaimah,4,Completed
474,18,2025-11-06,Fujairah,4,Completed
475,10,2025-11-10,Ajman,3,Cancelled
476,32,2025-11-20,Dubai,1,Completed
477,23,2025-11-02,Fujairah,2,Completed
478,20,2025-11-22,Sharjah,3,Completed
479,22,2025-11-04,Fujairah,2,Completed
480,24,2025-11-27,Ajman,2,Completed
481,28,2025-11-25,Ras Al Khaimah,6,Cancelled
482,28,2025-11-07,Ras Al Khaimah,1,Completed
483,12,2025-11-12,Umm Al Quwain,6,Completed
484,7,2025-11-25,Sharjah,5,Completed
485,31,2025-11-23,Ajman,3,Completed
486,9,2025-11-25,Sharjah,4,Completed
487,15,2025-11-14,Umm Al Quwain,5,Completed
488,26,2025-11-19,Abu Dhabi,6,Cancelled
489,26,2025-11-08,Abu Dhabi,1,Cancelled
490,7,2025-11-09,Sharjah,1,Completed
491,25,2025-11-22,Ras Al Khaimah,5,Completed
492,35,2025-11-26,Abu Dhabi,3,Cancelled
493,20,2025-11-06,Sharjah,6,Completed
494,37,2025-11-16,Ras Al Khaimah,4,Completed
495,19,2025-11-02,Umm Al Quwain,3,Completed
496,2,2025-11-11,Dubai,6,Completed
497,22,2025-11-01,Fujairah,2,Completed
498,38,2025-11-11,Abu Dhabi,1,Completed
499,24,2025-11-07,Ajman,4,Completed
500,26,2025-12-20,Abu Dhabi,2,Completed
501,31,2025-12-07,Ajman,4,Completed
502,13,2025-12-13,Abu Dhabi,4,Completed
503,4,2025-12-07,Dubai,5,Completed
504,41,2025-12-28,Dubai,2,Completed
505,30,2025-12-18,Fujairah,4,Cancelled
506,3,2025-12-16,Abu Dhabi,6,Cancelled
507,20,2025-12-29,Sharjah,1,Cancelled
508,34,2025-12-27,Umm Al Quwain,6,Completed
509,12,2025-12-09,Umm Al Quwain,2,Completed
510,10,2025-12-16,Ajman,3,Completed
511,8,2025-12-28,Abu Dhabi,5,Completed
512,3,2025-12-28,Abu Dhabi,3,Completed
513,21,2025-12-23,Fujairah,4,Completed
514,41,2025-12-11,Dubai,3,Completed
515,21,2025-12-16,Fujairah,4,Cancelled
516,19,2025-12-03,Umm Al Quwain,2,Completed
517,41,2025-12-30,Dubai,2,Completed
518,1,2025-12-17,Fujairah,6,Completed
519,13,2025-12-06,Abu Dhabi,4,Completed
520,6,2025-12-16,Sharjah,1,Completed
521,22,2025-12-16,Fujairah,2,Cancelled
522,11,2025-12-16,Abu Dhabi,5,Cancelled
523,18,2025-12-12,Fujairah,6,Cancelled
524,36,2025-12-21,Sharjah,6,Cancelled
525,15,2026-01-02,Umm Al Quwain,2,Completed
526,36,2026-01-15,Sharjah,4,Completed
527,18,2026-01-29,Fujairah,5,Completed
528,7,2026-01-01,Sharjah,3,Completed
529,2,2026-01-15,Dubai,1,Cancelled
530,9,2026-01-28,Sharjah,2,Completed
531,6,2026-01-28,Sharjah,1,Completed
532,24,2026-01-07,Ajman,5,Completed
533,22,2026-01-22,Fujairah,4,Completed
534,31,2026-01-05,Ajman,3,Cancelled
535,33,2026-01-17,Umm Al Quwain,1,Completed
536,6,2026-01-01,Sharjah,5,Completed
537,22,2026-01-07,Fujairah,2,Completed
538,24,2026-01-22,Ajman,6,Cancelled
539,14,2026-01-21,Dubai,4,Completed
540,8,2026-01-29,Abu Dhabi,2,Completed
541,27,2026-01-24,Ras Al Khaimah,4,Completed
542,36,2026-01-09,Sharjah,1,Cancelled
543,31,2026-01-15,Ajman,3,Completed
544,24,2026-01-26,Ajman,4,Cancelled
545,31,2026-01-06,Ajman,2,Completed
546,28,2026-01-20,Ras Al Khaimah,1,Completed
547,30,2026-01-04,Fujairah,1,Cancelled
548,29,2026-01-16,Fujairah,5,Completed
549,13,2026-01-14,Abu Dhabi,4,Cancelled
550,22,2026-01-17,Fujairah,3,Completed
551,34,2026-02-12,Umm Al Quwain,6,Cancelled
552,26,2026-02-22,Abu Dhabi,1,Cancelled
553,34,2026-02-14,Umm Al Quwain,3,Completed
554,13,2026-02-03,Abu Dhabi,3,Completed
555,11,2026-02-01,Abu Dhabi,1,Cancelled
556,8,2026-02-10,Abu Dhabi,4,Completed
557,37,2026-02-05,Ras Al Khaimah,6,Completed
558,31,2026-02-15,Ajman,2,Completed
559,9,2026-02-17,Sharjah,6,Cancelled
560,3,2026-02-06,Abu Dhabi,6,Cancelled
561,24,2026-02-12,Ajman,3,Completed
562,23,2026-02-28,Fujairah,1,Completed
563,10,2026-02-11,Ajman,6,Completed
564,36,2026-02-04,Sharjah,6,Completed
565,34,2026-02-25,Umm Al Quwain,2,Completed
566,18,2026-02-08,Fujairah,2,Cancelled
567,21,2026-02-09,Fujairah,4,Completed
568,10,2026-02-14,Ajman,3,Completed
569,21,2026-02-14,Fujairah,2,Cancelled
570,32,2026-02-25,Dubai,5,Completed
571,31,2026-02-14,Ajman,1,Completed
572,9,2026-02-19,Sharjah,3,Completed
573,16,2026-02-14,Fujairah,5,Cancelled
574,25,2026-02-27,Ras Al Khaimah,3,Completed
575,40,2026-02-26,Ajman,5,Completed
576,1,2026-02-16,Fujairah,5,Completed
577,6,2026-03-21,Sharjah,6,Completed
578,25,2026-03-12,Ras Al Khaimah,5,Completed
579,2,2026-03-22,Dubai,3,Cancelled
580,3,2026-03-16,Abu Dhabi,3,Cancelled
581,37,2026-03-22,Ras Al Khaimah,6,Completed
582,13,2026-03-01,Abu Dhabi,6,Cancelled
583,34,2026-03-16,Umm Al Quwain,4,Completed
584,1,2026-03-07,Fujairah,4,Completed
585,41,2026-03-27,Dubai,3,Completed
586,16,2026-03-25,Fujairah,1,Completed
587,4,2026-03-20,Dubai,3,Completed
588,26,2026-03-20,Abu Dhabi,1,Cancelled
589,40,2026-03-04,Ajman,5,Completed
590,39,2026-03-03,Ras Al Khaimah,6,Completed
591,29,2026-03-08,Fujairah,2,Completed
592,20,2026-03-29,Sharjah,5,Completed
593,34,2026-03-22,Umm Al Quwain,5,Completed
594,13,2026-03-30,Abu Dhabi,6,Completed
595,39,2026-03-11,Ras Al Khaimah,6,Cancelled
596,30,2026-03-07,Fujairah,5,Completed
597,19,2026-03-07,Umm Al Quwain,4,Completed
598,16,2026-03-07,Fujairah,2,Completed
599,24,2026-03-06,Ajman,6,Cancelled
600,41,2026-03-30,Dubai,2,Completed
601,40,2026-03-06,Ajman,1,Completed
602,3,2026-03-08,Abu Dhabi,2,Cancelled
603,6,2026-03-25,Sharjah,2,Completed
604,21,2026-03-13,Fujairah,3,Completed
605,8,2026-03-12,Abu Dhabi,1,Completed
606,9,2026-04-24,Sharjah,6,Completed
607,10,2026-04-08,Ajman,4,Completed
608,22,2026-04-11,Fujairah,1,Cancelled
609,1,2026-04-26,Fujairah,4,Completed
610,37,2026-04-30,Ras Al Khaimah,1,Completed
611,29,2026-04-29,Fujairah,6,Completed
612,5,2026-04-10,Dubai,4,Completed
613,9,2026-04-14,Sharjah,5,Completed
614,28,2026-04-22,Ras Al Khaimah,6,Completed
615,30,2026-04-19,Fujairah,4,Completed
616,26,2026-04-27,Abu Dhabi,5,Cancelled
617,30,2026-04-30,Fujairah,4,Completed
618,8,2026-04-03,Abu Dhabi,3,Cancelled
619,30,2026-04-11,Fujairah,4,Completed
620,32,2026-04-03,Dubai,4,Completed
621,7,2026-04-10,Sharjah,2,Completed
622,41,2026-04-21,Dubai,5,Completed
623,4,2026-04-25,Dubai,4,Completed
624,22,2026-04-22,Fujairah,2,Completed
625,36,2026-04-07,Sharjah,6,Completed
626,18,2026-04-20,Fujairah,6,Completed
627,7,2026-04-18,Sharjah,6,Cancelled
628,31,2026-04-11,Ajman,1,Completed
629,32,2026-04-07,Dubai,3,Completed
630,3,2026-04-26,Abu Dhabi,5,Cancelled
631,16,2026-04-23,Fujairah,6,Completed
632,36,2026-04-08,Sharjah,2,Completed
633,13,2026-04-28,Abu Dhabi,3,Cancelled
634,11,2026-04-15,Abu Dhabi,4,Completed
635,30,2026-04-13,Fujairah,3,Completed
636,26,2026-04-12,Abu Dhabi,6,Completed
637,23,2026-05-23,Fujairah,5,Completed
638,17,2026-05-15,Ras Al Khaimah,5,Cancelled
639,1,2026-05-25,Fujairah,1,Completed
640,6,2026-05-21,Sharjah,1,Completed
641,27,2026-05-14,Ras Al Khaimah,5,Completed
642,13,2026-05-29,Abu Dhabi,3,Cancelled
643,16,2026-05-16,Fujairah,4,Completed
644,7,2026-05-17,Sharjah,2,Cancelled
645,21,2026-05-31,Fujairah,2,Completed
646,34,2026-05-31,Umm Al Quwain,3,Completed
647,41,2026-05-01,Dubai,3,Completed
648,40,2026-05-12,Ajman,1,Completed
649,20,2026-05-18,Sharjah,6,Cancelled
650,6,2026-05-14,Sharjah,1,Cancelled
651,18,2026-05-24,Fujairah,2,Completed
652,36,2026-05-26,Sharjah,4,Completed
653,21,2026-05-19,Fujairah,4,Completed
654,38,2026-05-04,Abu Dhabi,2,Completed
655,33,2026-05-04,Umm Al Quwain,6,Completed
656,32,2026-05-13,Dubai,6,Completed
657,26,2026-05-03,Abu Dhabi,4,Completed
658,30,2026-05-06,Fujairah,6,Completed
659,25,2026-05-22,Ras Al Khaimah,4,Cancelled
660,12,2026-05-04,Umm Al Quwain,1,Cancelled
661,20,2026-05-20,Sharjah,6,Cancelled
662,8,2026-05-21,Abu Dhabi,4,Completed
663,21,2026-05-23,Fujairah,1,Cancelled
664,8,2026-06-22,Abu Dhabi,2,Cancelled
665,8,2026-06-05,Abu Dhabi,1,Completed
666,11,2026-06-22,Abu Dhabi,4,Completed
667,39,2026-06-17,Ras Al Khaimah,5,Completed
668,9,2026-06-18,Sharjah,5,Completed
669,17,2026-06-14,Ras Al Khaimah,6,Cancelled
670,41,2026-06-21,Dubai,6,Completed
671,35,2026-06-22,Abu Dhabi,1,Completed
672,10,2026-06-09,Ajman,2,Completed
673,36,2026-06-20,Sharjah,3,Completed
674,36,2026-06-29,Sharjah,5,Cancelled
675,18,2026-06-30,Fujairah,1,Completed
676,34,2026-06-29,Umm Al Quwain,6,Cancelled
677,6,2026-06-03,Sharjah,6,Completed
678,1,2026-06-22,Fujairah,4,Completed
679,13,2026-06-01,Abu Dhabi,6,Completed
680,28,2026-06-13,Ras Al Khaimah,4,Completed
681,19,2026-06-16,Umm Al Quwain,3,Completed
682,32,2026-06-12,Dubai,1,Completed
683,6,2026-06-17,Sharjah,5,Cancelled
684,24,2026-06-29,Ajman,4,Completed
685,3,2026-06-13,Abu Dhabi,2,Completed
686,21,2026-06-17,Fujairah,4,Completed
687,1,2026-06-16,Fujairah,4,Completed
688,13,2026-06-23,Abu Dhabi,4,Cancelled
689,13,2026-06-21,Abu Dhabi,5,Completed
690,13,2026-06-28,Abu Dhabi,1,Completed
691,23,2026-07-14,Fujairah,6,Completed
692,14,2026-07-16,Dubai,3,Completed
693,38,2026-07-20,Abu Dhabi,5,Completed
694,13,2026-07-15,Abu Dhabi,6,Cancelled
695,20,2026-07-16,Sharjah,6,Cancelled
696,36,2026-07-09,Sharjah,6,Cancelled
697,9,2026-07-02,Sharjah,3,Cancelled
698,32,2026-07-18,Dubai,6,Cancelled
699,25,2026-07-25,Ras Al Khaimah,5,Completed
700,19,2026-07-09,Umm Al Quwain,6,Completed
701,9,2026-07-28,Sharjah,3,Cancelled
702,41,2026-07-12,Dubai,5,Completed
703,35,2026-07-28,Abu Dhabi,6,Cancelled
704,10,2026-07-08,Ajman,4,Completed
705,19,2026-07-10,Umm Al Quwain,1,Completed
706,7,2026-07-17,Sharjah,6,Completed
707,3,2026-07-08,Abu Dhabi,2,Cancelled
708,6,2026-07-05,Sharjah,2,Completed
709,7,2026-07-29,Sharjah,5,Cancelled
710,10,2026-07-21,Ajman,3,Completed
711,10,2026-07-14,Ajman,2,Completed
712,10,2026-07-05,Ajman,3,Completed
713,31,2026-07-14,Ajman,6,Completed
714,27,2026-08-19,Ras Al Khaimah,5,Cancelled
715,24,2026-08-16,Ajman,5,Cancelled
716,24,2026-08-10,Ajman,2,Completed
717,38,2026-08-16,Abu Dhabi,1,Cancelled
718,5,2026-08-19,Dubai,1,Cancelled
719,29,2026-08-23,Fujairah,6,Completed
720,33,2026-08-01,Umm Al Quwain,2,Completed
721,9,2026-08-07,Sharjah,6,Completed
722,31,2026-08-21,Ajman,3,Completed
723,35,2026-08-03,Abu Dhabi,1,Completed
724,16,2026-08-03,Fujairah,3,Cancelled
725,26,2026-08-12,Abu Dhabi,6,Cancelled
726,33,2026-08-17,Umm Al Quwain,1,Cancelled
727,19,2026-08-05,Umm Al Quwain,2,Completed
728,11,2026-08-17,Abu Dhabi,5,Cancelled
