po_id,supplier_id,product_id,po_date,quantity,unit_cost,expected_delivery_date,actual_delivery_date,status
1,10,5,2024-01-31,128,461.15,2024-02-22,2024-02-22,Delivered
2,13,20,2024-01-18,494,752.58,2024-01-27,2024-01-27,Delivered
3,3,19,2024-01-06,84,1023.35,2024-01-24,2024-01-24,Delivered
4,12,30,2024-01-09,292,344.8,2024-01-30,2024-02-11,Delivered
5,8,3,2024-01-12,489,565.24,2024-02-01,2024-02-01,Delivered
6,8,24,2024-01-17,482,298.2,2024-02-03,2024-02-03,Delivered
7,9,29,2024-01-09,499,105.25,2024-02-06,2024-02-26,Delivered
8,1,16,2024-01-23,470,109.15,2024-02-03,2024-02-03,Delivered
9,10,26,2024-01-28,87,369.8,2024-02-18,2024-02-18,Delivered
10,15,30,2024-02-04,93,310.64,2024-02-14,2024-02-14,Delivered
11,7,22,2024-02-03,212,611.98,2024-02-29,2024-02-29,Delivered
12,8,8,2024-02-09,282,1063.19,2024-02-20,2024-02-20,Delivered
13,6,37,2024-02-02,357,817.66,2024-02-10,2024-02-10,Delivered
14,8,14,2024-02-02,158,630.94,2024-03-01,2024-03-01,Delivered
15,3,6,2024-02-05,85,314.65,2024-02-14,2024-02-14,Delivered
16,14,27,2024-02-17,159,101.67,2024-03-03,2024-03-03,Delivered
17,15,28,2024-02-11,435,1148.56,2024-02-24,2024-02-24,Delivered
18,9,11,2024-02-23,273,1123.51,2024-03-23,2024-04-02,Delivered
19,9,13,2024-02-03,420,83.31,2024-02-29,2024-02-29,Delivered
20,14,21,2024-02-01,127,530.48,2024-02-12,2024-02-12,Delivered
21,13,27,2024-02-09,316,102.36,2024-03-01,2024-03-01,Delivered
22,10,7,2024-02-02,161,563.57,2024-02-15,2024-02-15,Delivered
23,3,25,2024-02-07,228,768.19,2024-02-20,2024-02-20,Delivered
24,1,20,2024-03-29,207,708.91,2024-04-08,2024-04-29,Delivered
25,7,27,2024-03-12,230,103.75,2024-04-01,2024-04-01,Delivered
26,15,12,2024-03-15,269,636.79,2024-04-08,2024-04-08,Delivered
27,7,19,2024-03-28,387,1080.17,2024-04-17,2024-04-17,Delivered
28,15,7,2024-03-03,462,570.16,2024-03-12,2024-04-01,Delivered
29,2,32,2024-03-24,434,453.39,2024-04-17,2024-04-17,Delivered
30,10,3,2024-03-22,198,608.62,2024-04-04,2024-04-04,Delivered
31,7,8,2024-03-07,488,1127.63,2024-03-17,2024-03-23,Delivered
32,7,26,2024-03-01,241,398.12,2024-03-24,2024-03-29,Delivered
33,5,20,2024-03-27,457,747.01,2024-04-24,2024-04-28,Delivered
34,7,3,2024-03-01,63,555.02,2024-03-19,2024-03-19,Delivered
35,6,11,2024-04-19,270,1106.45,2024-05-08,2024-05-08,Delivered
36,14,4,2024-04-26,345,478.36,2024-05-23,2024-05-23,Delivered
37,15,21,2024-04-17,131,499.94,2024-04-27,2024-04-27,Delivered
38,10,26,2024-04-27,440,390.27,2024-05-12,2024-05-25,Delivered
39,4,6,2024-04-03,63,321.65,2024-04-30,2024-04-30,Delivered
40,12,35,2024-04-30,90,785.48,2024-05-07,2024-05-07,Delivered
41,13,23,2024-04-06,172,258.29,2024-04-20,2024-04-20,Delivered
42,4,25,2024-04-25,183,815.58,2024-05-10,2024-05-10,Delivered
43,1,7,2024-04-04,285,576.64,2024-04-14,2024-04-14,Delivered
44,15,12,2024-04-03,89,647.15,2024-04-21,2024-04-21,Delivered
45,13,2,2024-04-14,87,1003.6,2024-05-11,2024-05-11,Delivered
46,15,21,2024-05-21,280,524.63,2024-06-02,2024-06-07,Delivered
47,11,37,2024-05-21,360,826.05,2024-05-31,2024-05-31,Delivered
48,10,35,2024-05-01,131,780.34,2024-05-16,2024-05-16,Delivered
49,9,2,2024-05-17,312,1040.02,2024-05-30,2024-06-05,Delivered
50,1,21,2024-05-05,162,476.39,2024-06-03,2024-06-03,Delivered
51,4,6,2024-05-12,412,326.54,2024-05-28,2024-06-05,Delivered
52,7,33,2024-05-31,254,1043.01,2024-06-15,2024-06-15,Delivered
53,15,18,2024-05-31,251,274.15,2024-06-25,2024-06-25,Delivered
54,12,32,2024-05-14,278,441.61,2024-06-13,2024-06-13,Delivered
55,2,25,2024-05-14,152,805.86,2024-06-01,2024-06-01,Delivered
56,1,33,2024-05-09,350,976.19,2024-06-04,2024-06-04,Delivered
57,2,12,2024-05-26,215,641.6,2024-06-07,2024-06-07,Delivered
58,6,10,2024-06-25,210,185.71,2024-07-12,2024-07-12,Delivered
59,8,37,2024-06-26,214,830.63,2024-07-20,2024-07-20,Delivered
60,4,34,2024-06-07,102,734.61,2024-07-06,2024-07-16,Delivered
61,11,5,2024-06-19,380,452.4,2024-07-09,2024-07-09,Delivered
62,4,4,2024-06-26,302,482.79,2024-07-11,2024-07-11,Delivered
63,3,21,2024-06-19,246,486.57,2024-06-26,2024-06-26,Delivered
64,14,37,2024-06-01,286,766.65,2024-06-20,2024-06-20,Delivered
65,9,3,2024-06-11,380,544.49,2024-07-03,2024-07-05,Delivered
66,12,20,2024-06-09,212,732.45,2024-06-28,2024-06-28,Delivered
67,8,4,2024-06-13,202,495.4,2024-07-04,2024-07-04,Delivered
68,15,8,2024-06-27,241,1197.58,2024-07-07,2024-07-07,Delivered
69,3,7,2024-07-11,491,559.38,2024-07-31,2024-07-31,Delivered
70,12,24,2024-07-27,325,312.33,2024-08-25,2024-08-26,Delivered
71,1,8,2024-07-02,205,1068.68,2024-07-19,2024-07-29,Delivered
72,5,11,2024-07-30,120,1158.09,2024-08-09,2024-08-12,Delivered
73,13,27,2024-07-21,278,101.65,2024-08-13,2024-08-13,Delivered
74,11,32,2024-07-09,214,462.15,2024-07-31,2024-07-31,Delivered
75,12,6,2024-08-12,335,338.69,2024-08-26,2024-08-26,Delivered
76,8,4,2024-08-07,56,493.74,2024-08-28,2024-08-28,Delivered
77,6,14,2024-08-27,352,622.49,2024-09-19,2024-10-12,Delivered
78,12,30,2024-08-21,128,339.21,2024-08-31,2024-09-03,Delivered
79,7,29,2024-08-28,367,100.46,2024-09-16,2024-09-16,Delivered
80,3,20,2024-08-31,495,715.94,2024-09-10,2024-09-13,Delivered
81,12,8,2024-08-08,58,1191.07,2024-08-20,2024-08-20,Delivered
82,9,29,2024-08-12,185,95.23,2024-09-05,2024-09-05,Delivered
83,3,26,2024-08-17,270,384.23,2024-08-25,2024-08-25,Delivered
84,1,25,2024-08-24,266,766.52,2024-09-06,2024-09-06,Delivered
85,10,32,2024-09-17,271,423.09,2024-09-25,2024-09-25,Delivered
86,1,3,2024-09-19,186,561.57,2024-10-13,2024-10-13,Delivered
87,10,26,2024-09-13,251,363.63,2024-10-13,2024-10-13,Delivered
88,13,14,2024-09-12,376,584.88,2024-10-08,2024-10-08,Delivered
89,3,33,2024-09-30,408,1003.87,2024-10-30,2024-11-04,Delivered
90,4,11,2024-09-11,398,1080.39,2024-09-23,2024-09-23,Delivered
91,1,31,2024-09-14,221,976.98,2024-09-29,2024-09-29,Delivered
92,14,1,2024-09-20,230,1216.82,2024-10-15,2024-10-16,Delivered
93,8,8,2024-09-02,469,1060.07,2024-09-30,2024-09-30,Delivered
94,9,11,2024-09-25,125,1187.09,2024-10-05,2024-10-05,Delivered
95,8,32,2024-09-24,229,474.93,2024-10-09,2024-10-09,Delivered
96,1,23,2024-09-10,413,247.64,2024-10-03,2024-10-03,Delivered
97,11,34,2024-09-24,377,682.65,2024-10-14,2024-11-04,Delivered
98,6,32,2024-09-01,175,450.66,2024-09-30,2024-09-30,Delivered
99,4,25,2024-10-21,105,847.86,2024-11-17,2024-11-26,Delivered
100,15,34,2024-10-06,185,768.21,2024-10-24,2024-10-24,Delivered
101,5,20,2024-10-07,71,716.16,2024-11-05,2024-11-05,Delivered
102,7,30,2024-10-19,455,336.83,2024-11-04,2024-11-04,Delivered
103,11,10,2024-10-15,398,186.43,2024-10-31,2024-10-31,Delivered
104,5,32,2024-10-10,83,463.75,2024-10-17,2024-10-17,Delivered
105,14,8,2024-10-02,300,1103.16,2024-10-22,2024-10-28,Delivered
106,5,9,2024-11-12,499,644.51,2024-12-05,2024-12-18,Delivered
107,12,18,2024-11-05,425,277.73,2024-11-30,2024-11-30,Delivered
108,8,23,2024-11-08,465,259.16,2024-11-27,2024-12-14,Delivered
109,2,17,2024-11-30,204,718.4,2024-12-12,2024-12-12,Delivered
110,6,9,2024-11-22,443,637.17,2024-12-03,2024-12-03,Delivered
111,5,6,2024-11-10,340,342.61,2024-12-01,2024-12-01,Delivered
112,2,9,2024-12-17,276,680.49,2025-01-09,2025-01-09,Delivered
113,8,27,2024-12-31,260,98.94,2025-01-24,2025-01-24,Delivered
114,13,9,2024-12-20,204,688.59,2025-01-14,2025-01-14,Delivered
115,9,37,2024-12-29,200,742.61,2025-01-17,2025-01-17,Delivered
116,8,34,2024-12-15,479,685.88,2024-12-23,2025-01-16,Delivered
117,2,22,2024-12-20,99,651.54,2025-01-14,2025-01-14,Delivered
118,1,8,2024-12-24,349,1158.24,2025-01-23,2025-01-23,Delivered
119,3,36,2024-12-24,303,922.04,2025-01-21,2025-01-21,Delivered
120,12,1,2024-12-26,298,1164.51,2025-01-08,2025-01-08,Delivered
121,10,8,2024-12-17,99,1094.41,2024-12-27,2025-01-04,Delivered
122,8,26,2024-12-02,112,373.69,2024-12-24,2024-12-24,Delivered
123,14,35,2024-12-09,470,789.69,2024-12-30,2024-12-30,Delivered
124,3,10,2025-01-27,431,199.52,2025-02-08,2025-02-08,Delivered
125,4,31,2025-01-16,198,1013.96,2025-01-26,2025-01-26,Delivered
126,5,26,2025-01-13,407,399.01,2025-02-03,2025-02-03,Delivered
127,1,19,2025-01-15,111,1062.87,2025-01-22,2025-01-22,Delivered
128,11,29,2025-01-02,231,106.41,2025-01-23,2025-01-23,Delivered
129,3,23,2025-01-17,488,265.26,2025-01-30,2025-01-30,Delivered
130,9,5,2025-02-06,385,436.09,2025-03-05,2025-03-05,Delivered
131,14,9,2025-02-09,451,686.48,2025-02-25,2025-03-04,Delivered
132,11,31,2025-02-13,291,1057.51,2025-02-25,2025-03-19,Delivered
133,13,34,2025-02-09,116,747.76,2025-03-06,2025-03-06,Delivered
134,14,26,2025-02-03,73,359.99,2025-03-05,2025-03-05,Delivered
135,2,32,2025-02-22,293,435.71,2025-03-08,2025-03-12,Delivered
136,3,25,2025-02-25,265,843.31,2025-03-05,2025-03-05,Delivered
137,14,5,2025-02-15,440,449.54,2025-03-14,2025-03-14,Delivered
138,2,29,2025-02-13,118,106.75,2025-03-10,2025-03-10,Delivered
139,8,29,2025-02-22,196,96.65,2025-03-24,2025-03-27,Delivered
140,13,13,2025-02-03,348,76.38,2025-03-03,2025-03-03,Delivered
141,3,1,2025-02-12,446,1131.9,2025-03-08,2025-03-08,Delivered
142,8,13,2025-03-27,156,82.26,2025-04-18,2025-04-18,Delivered
143,15,36,2025-03-28,120,1007.07,2025-04-18,2025-04-18,Delivered
144,2,37,2025-03-03,115,818.51,2025-03-19,2025-03-19,Delivered
145,1,35,2025-03-11,61,749.77,2025-03-27,2025-03-27,Delivered
146,2,11,2025-03-31,197,1081.19,2025-04-25,2025-04-25,Delivered
147,10,33,2025-03-10,254,1003.42,2025-04-03,2025-04-03,Delivered
148,15,17,2025-03-21,65,665.53,2025-04-10,2025-04-10,Delivered
149,13,4,2025-03-05,154,485.88,2025-04-04,2025-04-04,Delivered
150,15,4,2025-03-08,302,455.66,2025-04-02,2025-04-12,Delivered
151,13,3,2025-03-12,86,616.16,2025-04-07,2025-04-07,Delivered
152,9,31,2025-03-31,116,1011.35,2025-04-08,2025-04-08,Delivered
153,4,23,2025-03-14,294,246.63,2025-03-28,2025-03-28,Delivered
154,13,13,2025-03-18,361,85.37,2025-04-15,2025-04-15,Delivered
155,7,25,2025-03-23,114,791.38,2025-04-12,2025-04-12,Delivered
156,15,24,2025-04-12,149,287.3,2025-04-20,2025-04-20,Delivered
157,1,15,2025-04-14,432,205.15,2025-05-08,2025-05-19,Delivered
158,1,16,2025-04-27,79,102.23,2025-05-08,2025-05-08,Delivered
159,6,23,2025-04-20,385,266.24,2025-05-06,2025-05-06,Delivered
160,11,8,2025-04-22,89,1068.88,2025-05-16,2025-05-16,Delivered
161,14,23,2025-04-29,489,243.85,2025-05-28,2025-05-28,Delivered
162,5,16,2025-04-17,186,105.69,2025-05-11,2025-05-11,Delivered
163,12,32,2025-05-09,90,428.64,2025-05-20,2025-05-20,Delivered
164,9,14,2025-05-04,240,619.58,2025-05-15,2025-05-15,Delivered
165,11,30,2025-05-31,108,303.83,2025-06-08,2025-06-08,Delivered
166,5,6,2025-05-02,192,339.51,2025-05-21,2025-05-29,Delivered
167,7,29,2025-05-02,164,96.39,2025-05-14,2025-05-14,Delivered
168,5,3,2025-05-18,440,569.94,2025-05-25,2025-06-04,Delivered
169,15,17,2025-05-26,435,717.83,2025-06-02,2025-06-08,Delivered
170,7,28,2025-05-26,423,1246.95,2025-06-03,2025-06-03,Delivered
171,12,19,2025-05-28,323,1048.86,2025-06-22,2025-06-22,Delivered
172,3,25,2025-05-15,431,850.72,2025-05-29,2025-05-29,Delivered
173,13,18,2025-05-03,177,299.67,2025-05-19,2025-05-19,Delivered
174,10,18,2025-05-12,187,295.39,2025-06-08,2025-06-08,Delivered
175,14,17,2025-06-28,141,704.06,2025-07-05,2025-07-05,Delivered
176,6,31,2025-06-21,482,1050.73,2025-07-11,2025-07-31,Delivered
177,5,36,2025-06-11,82,960.91,2025-06-26,2025-07-01,Delivered
178,3,15,2025-06-21,139,189.28,2025-07-17,2025-07-17,Delivered
179,1,12,2025-06-22,309,678.46,2025-07-17,2025-07-17,Delivered
180,4,4,2025-06-23,182,513.17,2025-06-30,2025-06-30,Delivered
181,10,16,2025-06-12,105,102.24,2025-07-03,2025-07-03,Delivered
182,4,21,2025-06-19,240,526.0,2025-07-17,2025-07-17,Delivered
183,15,19,2025-06-05,62,1029.81,2025-06-23,2025-06-29,Delivered
184,6,31,2025-06-10,368,978.4,2025-06-28,2025-07-13,Delivered
185,15,2,2025-06-04,361,967.11,2025-06-21,2025-06-21,Delivered
186,13,23,2025-07-31,160,249.15,2025-08-25,2025-08-25,Delivered
187,7,6,2025-07-31,89,343.96,2025-08-14,2025-09-02,Delivered
188,11,36,2025-07-24,264,973.5,2025-08-03,2025-08-03,Delivered
189,8,34,2025-07-17,275,711.14,2025-07-30,2025-08-09,Delivered
190,6,16,2025-07-26,443,115.1,2025-08-09,2025-08-09,Delivered
191,2,16,2025-07-15,425,114.82,2025-08-04,2025-08-04,Delivered
192,9,5,2025-07-30,235,466.37,2025-08-25,2025-08-25,Delivered
193,4,37,2025-07-27,473,839.8,2025-08-20,2025-08-24,Delivered
194,11,9,2025-07-20,183,689.39,2025-08-06,2025-08-06,Delivered
195,7,33,2025-07-05,344,987.19,2025-07-18,2025-07-18,Delivered
196,3,8,2025-07-14,184,1171.85,2025-08-12,2025-08-12,Delivered
197,14,3,2025-07-27,270,545.08,2025-08-08,2025-08-08,Delivered
198,9,25,2025-07-29,266,783.43,2025-08-17,2025-08-17,Delivered
199,2,22,2025-07-29,472,657.84,2025-08-23,2025-08-23,Delivered
200,2,23,2025-08-31,279,266.92,2025-09-27,2025-10-05,Delivered
201,5,31,2025-08-23,118,1075.07,2025-09-22,2025-10-02,Delivered
202,9,6,2025-08-05,53,328.34,2025-08-23,2025-08-23,Delivered
203,3,33,2025-08-24,351,959.17,2025-09-03,2025-09-03,Delivered
204,1,37,2025-08-17,318,797.42,2025-09-06,2025-09-06,Delivered
205,13,12,2025-08-31,123,608.48,2025-09-30,2025-09-30,Delivered
206,2,23,2025-09-10,134,240.45,2025-09-25,2025-09-25,Delivered
207,3,19,2025-09-30,182,1121.93,2025-10-10,2025-10-10,Delivered
208,2,14,2025-09-18,479,602.41,2025-09-30,2025-10-01,Delivered
209,15,35,2025-09-18,459,746.8,2025-10-10,2025-10-10,Delivered
210,10,28,2025-09-24,277,1183.45,2025-10-15,2025-10-15,Delivered
211,12,8,2025-09-15,271,1131.17,2025-09-24,2025-09-24,Delivered
212,2,23,2025-09-26,90,261.36,2025-10-10,2025-10-10,Delivered
213,6,18,2025-09-15,372,298.31,2025-10-13,2025-10-13,Delivered
214,15,3,2025-09-14,101,614.81,2025-10-07,2025-10-13,Delivered
215,11,3,2025-09-21,371,543.85,2025-10-02,2025-10-12,Delivered
216,4,13,2025-09-09,290,77.75,2025-09-21,2025-09-21,Delivered
217,9,14,2025-10-01,272,567.35,2025-10-25,2025-10-25,Delivered
218,1,27,2025-10-23,184,100.93,2025-11-19,2025-11-19,Delivered
219,8,34,2025-10-22,142,765.09,2025-11-05,2025-11-05,Delivered
220,13,26,2025-10-20,232,386.02,2025-11-05,2025-11-05,Delivered
221,15,19,2025-10-14,278,1029.65,2025-11-11,2025-11-11,Delivered
222,6,8,2025-10-12,406,1116.95,2025-10-23,2025-10-31,Delivered
223,8,27,2025-10-22,170,93.26,2025-11-06,2025-11-15,Delivered
224,1,36,2025-11-25,215,938.05,2025-12-12,2025-12-19,Delivered
225,7,26,2025-11-09,77,372.09,2025-12-09,2025-12-09,Delivered
226,1,20,2025-11-15,259,682.65,2025-11-27,2025-11-27,Delivered
227,2,22,2025-11-05,359,628.26,2025-12-05,2025-12-05,Delivered
228,13,22,2025-11-30,230,646.99,2025-12-24,2025-12-24,Delivered
229,4,24,2025-11-18,151,312.16,2025-12-12,2025-12-12,Delivered
230,5,11,2025-11-30,241,1120.0,2025-12-13,2025-12-13,Delivered
231,1,3,2025-11-28,60,601.21,2025-12-21,2025-12-21,Delivered
232,8,3,2025-11-06,194,566.38,2025-11-20,2025-11-20,Delivered
233,2,25,2025-11-21,255,759.9,2025-12-21,2025-12-21,Delivered
234,2,33,2025-11-24,410,1022.16,2025-12-14,2025-12-14,Delivered
235,9,10,2025-11-04,426,197.73,2025-11-23,2025-11-23,Delivered
236,13,21,2025-12-14,312,520.3,2025-12-30,2025-12-30,Delivered
237,5,37,2025-12-16,242,767.36,2025-12-25,2025-12-25,Delivered
238,8,19,2025-12-30,409,1058.56,2026-01-13,2026-01-24,Delivered
239,12,26,2025-12-31,240,397.13,2026-01-29,2026-01-29,Delivered
240,1,26,2025-12-25,168,381.14,2026-01-16,2026-01-16,Delivered
241,6,10,2025-12-26,372,207.73,2026-01-05,2026-01-05,Delivered
242,8,16,2025-12-03,122,106.9,2025-12-25,2026-01-03,Delivered
243,13,15,2025-12-02,442,198.36,2025-12-22,2025-12-22,Delivered
244,3,3,2025-12-11,402,586.64,2025-12-31,2025-12-31,Delivered
245,13,36,2025-12-26,300,974.35,2026-01-12,2026-01-12,Delivered
246,9,36,2026-01-28,428,1031.51,2026-02-06,2026-02-06,Delivered
247,7,9,2026-01-25,56,633.9,2026-02-24,2026-02-24,Delivered
248,14,8,2026-01-02,267,1131.46,2026-01-29,2026-01-29,Delivered
249,14,36,2026-01-14,254,905.79,2026-01-24,2026-01-24,Delivered
250,15,18,2026-01-17,215,293.71,2026-02-04,2026-02-04,Delivered
251,5,34,2026-01-22,154,757.87,2026-02-20,2026-02-20,Delivered
252,8,30,2026-01-07,219,342.6,2026-02-06,2026-02-06,Delivered
253,14,31,2026-01-01,212,1031.42,2026-01-12,2026-01-24,Delivered
254,1,20,2026-01-23,146,680.59,2026-02-02,2026-02-02,Delivered
255,1,30,2026-01-20,130,305.78,2026-02-16,2026-02-16,Delivered
256,11,1,2026-01-30,148,1111.72,2026-02-19,2026-02-19,Delivered
257,10,26,2026-01-30,180,386.92,2026-02-26,2026-02-26,Delivered
258,2,14,2026-01-09,141,582.89,2026-01-19,2026-01-19,Delivered
259,6,37,2026-02-25,486,798.7,2026-03-12,2026-03-22,Delivered
260,4,11,2026-02-01,451,1104.93,2026-02-14,2026-02-16,Delivered
261,3,10,2026-02-06,293,205.12,2026-02-23,2026-03-20,Delivered
262,3,33,2026-02-26,275,978.22,2026-03-20,2026-03-20,Delivered
263,2,16,2026-02-18,251,106.53,2026-03-09,2026-03-09,Delivered
264,9,21,2026-02-17,90,529.6,2026-03-02,2026-03-05,Delivered
265,12,10,2026-02-27,273,197.01,2026-03-21,2026-03-21,Delivered
266,15,28,2026-02-21,228,1130.04,2026-03-11,2026-03-11,Delivered
267,12,28,2026-02-07,365,1189.51,2026-02-20,2026-02-20,Delivered
268,12,1,2026-02-07,276,1124.79,2026-02-20,2026-02-20,Delivered
269,2,24,2026-02-09,307,309.7,2026-03-07,2026-03-07,Delivered
270,11,31,2026-02-13,72,1111.17,2026-03-14,2026-03-14,Delivered
271,14,31,2026-03-20,373,1036.67,2026-04-01,2026-04-09,Delivered
272,13,35,2026-03-26,103,730.69,2026-04-02,2026-04-02,Delivered
273,12,12,2026-03-28,485,616.15,2026-04-17,2026-04-17,Delivered
274,12,4,2026-03-11,99,505.68,2026-03-26,2026-03-26,Delivered
275,1,22,2026-03-27,394,653.71,2026-04-13,2026-05-08,Delivered
276,12,24,2026-03-17,57,310.43,2026-04-05,2026-04-05,Delivered
277,2,13,2026-04-27,439,81.52,2026-05-27,2026-05-27,Delivered
278,1,18,2026-04-20,151,296.52,2026-05-10,2026-05-10,Delivered
279,14,1,2026-04-10,190,1154.97,2026-04-20,2026-04-20,Delivered
280,12,6,2026-04-19,287,306.7,2026-04-28,2026-04-28,Delivered
281,6,2,2026-04-25,136,1043.7,2026-05-08,2026-05-08,Delivered
282,12,16,2026-04-10,478,110.87,2026-04-23,2026-04-23,Delivered
283,3,18,2026-05-05,339,282.27,2026-05-19,2026-05-23,Delivered
284,3,19,2026-05-09,407,1045.54,2026-05-18,2026-05-18,Delivered
285,6,34,2026-05-15,474,741.34,2026-05-27,2026-05-27,Delivered
286,3,35,2026-05-19,157,828.82,2026-06-08,2026-06-14,Delivered
287,13,19,2026-05-07,225,1081.71,2026-05-30,2026-05-30,Delivered
288,5,6,2026-05-17,445,311.95,2026-05-30,2026-05-30,Delivered
289,2,34,2026-05-22,373,698.58,2026-06-02,2026-06-02,Delivered
290,10,25,2026-05-22,351,841.09,2026-06-08,2026-06-08,Delivered
291,15,1,2026-05-06,265,1142.11,2026-05-23,2026-05-25,Delivered
292,5,11,2026-05-15,329,1098.03,2026-05-22,2026-05-22,Delivered
293,12,26,2026-06-16,477,370.84,2026-07-16,2026-07-16,Delivered
294,11,26,2026-06-10,70,407.67,2026-06-24,2026-06-24,Delivered
295,13,18,2026-06-19,255,292.87,2026-07-01,2026-07-14,Delivered
296,15,34,2026-06-07,340,752.97,2026-06-18,2026-07-11,Delivered
297,2,20,2026-06-26,442,675.18,2026-07-14,2026-07-14,Delivered
298,1,10,2026-06-07,138,190.33,2026-06-16,2026-06-19,Delivered
299,7,6,2026-06-24,175,309.53,2026-07-18,2026-07-18,Delivered
300,6,7,2026-06-16,331,559.32,2026-07-15,2026-07-15,Delivered
301,7,30,2026-06-23,174,335.58,2026-07-03,2026-07-03,Delivered
302,15,9,2026-06-13,445,648.35,2026-06-29,2026-06-29,Delivered
303,2,23,2026-06-16,392,261.23,2026-07-11,2026-07-12,Delivered
304,3,16,2026-06-12,235,105.99,2026-06-19,2026-06-19,Delivered
305,11,15,2026-07-05,305,190.36,2026-07-18,2026-07-18,Delivered
306,7,12,2026-07-14,127,629.26,2026-08-02,2026-08-02,Delivered
307,7,12,2026-07-06,253,663.22,2026-07-16,2026-07-16,Delivered
308,11,7,2026-07-21,491,538.99,2026-07-28,2026-07-28,Delivered
309,9,25,2026-07-22,282,747.3,2026-08-18,2026-08-18,Delivered
310,5,28,2026-07-09,429,1201.09,2026-08-04,2026-08-04,Delivered
311,8,22,2026-07-28,323,663.9,2026-08-07,2026-08-07,Delivered
312,14,6,2026-08-05,53,317.36,2026-09-03,2026-09-03,Delivered
313,14,30,2026-08-14,74,322.81,2026-08-22,2026-08-22,Delivered
314,6,4,2026-08-29,356,494.76,2026-09-13,2026-09-13,Delivered
315,13,2,2026-08-18,186,962.76,2026-09-05,2026-09-05,Delivered
316,5,3,2026-08-20,107,570.66,2026-08-28,2026-08-28,Delivered
317,3,6,2026-08-18,98,308.32,2026-08-29,2026-09-06,Delivered
318,6,30,2026-08-23,366,313.37,2026-09-22,,In Transit
319,2,21,2026-08-12,69,480.6,2026-09-11,2026-09-11,Delivered
320,12,6,2026-08-11,376,335.0,2026-08-31,2026-08-31,Delivered
321,12,17,2026-08-24,384,732.04,2026-09-02,2026-09-02,Delivered
322,10,17,2026-08-10,365,710.63,2026-08-24,2026-08-24,Delivered
323,4,28,2026-08-09,432,1209.62,2026-08-21,2026-08-21,Delivered
