rfq_id,customer_id,product_id,rfq_date,quantity,quoted_price,status,converted_order_id
1,26,12,2024-01-22,82,1062.82,Converted,20
2,27,9,2024-01-09,78,1106.77,Expired,
3,21,7,2024-01-08,67,760.49,Converted,66
4,40,19,2024-01-24,192,1508.95,Pending,
5,41,22,2024-01-18,109,1144.29,Pending,
6,22,21,2024-01-12,123,761.13,Pending,
7,14,35,2024-01-23,53,1040.3,Converted,34
8,37,6,2024-01-21,134,563.8,Converted,213
9,34,24,2024-01-10,84,451.46,Pending,
10,2,10,2024-01-20,159,266.56,Converted,442
11,27,2,2024-01-25,82,1390.86,Lost,
12,25,35,2024-01-05,106,1030.52,Lost,
13,26,14,2024-01-07,38,1078.07,Converted,163
14,26,36,2024-01-14,100,1440.95,Converted,614
15,18,21,2024-01-25,102,817.29,Expired,
16,41,21,2024-01-17,147,805.82,Converted,414
17,32,30,2024-01-10,125,565.66,Pending,
18,1,35,2024-02-27,95,1053.66,Expired,
19,7,25,2024-02-19,177,1132.77,Converted,194
20,41,2,2024-02-20,67,1306.5,Lost,
21,39,37,2024-02-24,114,1547.38,Converted,256
22,11,37,2024-02-21,130,1491.86,Lost,
23,39,25,2024-02-18,140,1207.49,Lost,
24,30,24,2024-02-24,71,414.77,Lost,
25,21,9,2024-02-10,26,1177.12,Converted,473
26,30,16,2024-02-22,164,148.29,Converted,182
27,30,33,2024-02-21,38,1720.44,Lost,
28,16,30,2024-02-24,27,552.58,Converted,694
29,27,34,2024-02-16,108,1284.65,Converted,267
30,35,8,2024-03-23,165,2183.67,Lost,
31,29,31,2024-03-27,195,1750.1,Expired,
32,3,24,2024-03-13,193,462.71,Pending,
33,28,8,2024-03-04,47,2246.23,Expired,
34,8,11,2024-03-12,115,1860.95,Converted,249
35,31,14,2024-03-09,34,1040.48,Pending,
36,32,16,2024-03-25,76,146.08,Pending,
37,29,17,2024-03-19,80,1185.56,Lost,
38,34,19,2024-03-01,66,1567.82,Expired,
39,19,20,2024-03-31,193,1085.97,Pending,
40,29,19,2024-03-05,200,1551.53,Converted,623
41,19,25,2024-03-09,173,1100.86,Expired,
42,20,10,2024-03-19,13,270.36,Expired,
43,34,26,2024-03-16,168,690.8,Expired,
44,10,33,2024-03-11,143,1616.95,Pending,
45,11,34,2024-03-16,54,1367.62,Converted,685
46,5,22,2024-03-08,89,1099.05,Converted,624
47,8,13,2024-03-12,137,128.91,Lost,
48,34,15,2024-03-24,61,361.68,Converted,642
49,22,33,2024-04-03,79,1660.08,Expired,
50,35,6,2024-04-26,24,554.42,Lost,
51,17,12,2024-04-23,176,1156.92,Converted,468
52,12,3,2024-04-20,78,816.87,Converted,195
53,5,9,2024-04-17,87,1041.37,Converted,600
54,38,31,2024-04-15,35,1880.71,Pending,
55,41,5,2024-04-07,132,810.91,Converted,203
56,7,35,2024-04-19,65,1029.21,Converted,10
57,38,28,2024-04-28,38,2300.75,Expired,
58,38,30,2024-05-01,74,617.74,Pending,
59,41,12,2024-05-11,139,1096.7,Converted,661
60,20,17,2024-05-28,146,1126.45,Converted,575
61,33,20,2024-05-21,122,1078.14,Lost,
62,32,1,2024-05-11,140,2088.63,Converted,68
63,28,20,2024-05-04,123,1116.77,Lost,
64,13,7,2024-05-25,69,783.86,Pending,
65,34,31,2024-05-04,185,1815.87,Expired,
66,10,21,2024-05-06,59,833.27,Lost,
67,40,11,2024-05-11,142,1947.37,Pending,
68,18,15,2024-05-30,77,367.54,Pending,
69,10,20,2024-06-11,196,1118.7,Pending,
70,20,28,2024-06-19,110,2314.69,Converted,414
71,4,27,2024-06-12,175,157.72,Pending,
72,2,13,2024-06-07,179,133.8,Converted,383
73,2,21,2024-06-14,107,781.54,Lost,
74,14,33,2024-06-15,80,1552.46,Converted,334
75,31,31,2024-06-02,178,1840.51,Expired,
76,32,16,2024-06-09,165,151.41,Converted,58
77,41,22,2024-06-09,147,1126.45,Lost,
78,31,9,2024-06-29,28,1084.31,Pending,
79,10,10,2024-06-19,86,283.26,Pending,
80,16,21,2024-06-19,149,832.84,Converted,544
81,19,2,2024-06-05,27,1454.3,Expired,
82,24,29,2024-07-24,64,133.29,Pending,
83,24,22,2024-07-07,183,1227.62,Converted,619
84,2,9,2024-07-04,174,1098.35,Converted,499
85,4,34,2024-07-02,141,1345.45,Lost,
86,33,21,2024-07-26,147,801.06,Expired,
87,5,5,2024-07-19,33,918.76,Expired,
88,11,33,2024-07-28,32,1665.06,Expired,
89,13,5,2024-07-25,185,850.45,Converted,463
90,10,22,2024-07-03,56,1173.24,Converted,541
91,28,2,2024-07-13,157,1337.84,Pending,
92,2,1,2024-07-08,92,2075.32,Converted,229
93,38,21,2024-07-18,127,820.03,Converted,589
94,23,37,2024-07-05,58,1510.71,Converted,186
95,2,35,2024-08-20,20,1056.11,Lost,
96,21,21,2024-08-30,68,820.56,Converted,168
97,28,18,2024-08-08,65,406.56,Converted,451
98,8,25,2024-08-01,123,1208.18,Lost,
99,25,4,2024-08-15,122,630.4,Converted,390
100,38,8,2024-08-03,54,2139.75,Expired,
101,8,11,2024-08-25,63,1718.2,Expired,
102,23,21,2024-08-14,58,768.0,Converted,520
103,24,31,2024-08-09,140,1764.39,Lost,
104,27,26,2024-09-28,35,638.72,Lost,
105,28,20,2024-09-08,189,1073.62,Pending,
106,31,2,2024-09-09,196,1409.21,Converted,145
107,16,12,2024-09-19,12,1039.54,Converted,712
108,31,3,2024-09-02,162,846.58,Expired,
109,19,24,2024-09-20,116,456.07,Converted,179
110,34,10,2024-09-24,181,267.17,Lost,
111,11,2,2024-09-16,62,1340.32,Pending,
112,40,21,2024-09-01,16,782.23,Lost,
113,10,27,2024-09-02,148,148.26,Expired,
114,11,11,2024-09-04,13,1778.98,Converted,430
115,5,8,2024-09-16,128,2288.87,Expired,
116,29,9,2024-09-28,164,1163.28,Converted,488
117,31,17,2024-09-05,92,1196.16,Converted,629
118,7,31,2024-10-16,156,1787.46,Converted,133
119,10,15,2024-10-22,31,382.19,Pending,
120,40,7,2024-10-08,67,788.34,Pending,
121,22,30,2024-10-22,161,597.29,Pending,
122,9,21,2024-10-14,105,820.92,Lost,
123,25,4,2024-10-26,60,684.74,Converted,650
124,3,16,2024-10-06,111,145.64,Pending,
125,23,13,2024-10-21,157,127.89,Pending,
126,40,17,2024-10-18,122,1104.0,Converted,527
127,22,22,2024-10-29,57,1107.26,Pending,
128,36,30,2024-10-22,34,610.2,Converted,532
129,17,5,2024-10-26,103,849.9,Converted,557
130,9,7,2024-10-08,127,857.72,Converted,303
131,9,23,2024-10-10,125,420.35,Lost,
132,33,12,2024-10-13,140,1050.3,Lost,
133,2,13,2024-10-24,200,126.91,Lost,
134,37,34,2024-10-17,22,1431.07,Converted,236
135,34,11,2024-10-12,50,1712.82,Converted,650
136,15,10,2024-11-18,166,277.11,Converted,51
137,26,19,2024-11-13,143,1587.78,Pending,
138,21,9,2024-11-24,86,1031.51,Converted,570
139,20,14,2024-11-30,197,1084.69,Lost,
140,27,9,2024-11-05,133,1165.4,Lost,
141,26,11,2024-11-21,117,1790.25,Converted,359
142,5,15,2024-11-09,45,390.26,Converted,600
143,10,14,2024-11-15,46,1093.92,Lost,
144,41,8,2024-11-17,89,2145.24,Expired,
145,31,15,2024-11-22,122,358.19,Converted,625
146,30,10,2024-11-03,194,273.72,Converted,42
147,25,17,2024-11-04,170,1163.67,Expired,
148,32,19,2024-11-08,143,1398.92,Expired,
149,39,24,2024-11-08,180,435.12,Pending,
150,27,4,2024-11-21,36,674.03,Converted,283
151,17,33,2024-11-11,117,1687.49,Converted,366
152,6,1,2024-11-04,192,2191.62,Converted,507
153,38,28,2024-12-22,78,2099.81,Expired,
154,32,36,2024-12-20,154,1364.58,Expired,
155,25,3,2024-12-20,37,821.42,Lost,
156,37,7,2024-12-04,71,801.52,Expired,
157,27,26,2024-12-23,200,608.65,Pending,
158,30,37,2024-12-28,143,1354.3,Converted,644
159,28,2,2024-12-07,155,1315.02,Pending,
160,7,19,2024-12-30,115,1550.81,Pending,
161,23,23,2024-12-12,73,410.44,Pending,
162,30,17,2024-12-25,51,1119.67,Expired,
163,21,26,2024-12-25,99,679.43,Converted,512
164,22,23,2025-01-20,147,439.2,Lost,
165,21,20,2025-01-04,194,1074.62,Converted,637
166,32,12,2025-01-25,107,1051.47,Pending,
167,23,22,2025-01-26,122,1214.9,Lost,
168,21,2,2025-01-04,58,1395.99,Expired,
169,36,19,2025-01-25,153,1493.51,Converted,713
170,5,13,2025-01-03,33,133.7,Expired,
171,26,17,2025-01-05,193,1142.05,Converted,137
172,25,7,2025-01-28,198,855.86,Pending,
173,37,6,2025-02-11,67,554.09,Converted,562
174,10,18,2025-02-01,136,375.21,Lost,
175,16,15,2025-02-15,175,385.88,Converted,304
176,16,2,2025-02-28,166,1376.09,Expired,
177,36,37,2025-02-07,115,1385.93,Pending,
178,41,37,2025-02-13,76,1496.62,Pending,
179,28,24,2025-02-12,70,424.01,Converted,710
180,9,21,2025-02-28,189,772.3,Lost,
181,7,33,2025-02-23,131,1655.76,Converted,619
182,15,23,2025-02-23,189,433.31,Lost,
183,30,18,2025-02-19,23,388.7,Expired,
184,28,5,2025-02-06,15,866.67,Lost,
185,23,31,2025-02-28,190,1774.21,Lost,
186,18,37,2025-02-09,196,1352.24,Pending,
187,9,26,2025-02-07,179,648.02,Expired,
188,20,22,2025-02-08,155,1198.54,Pending,
189,10,35,2025-02-22,160,987.07,Converted,625
190,23,8,2025-03-25,28,2173.27,Expired,
191,11,13,2025-03-08,163,134.88,Lost,
192,2,32,2025-03-24,40,595.33,Converted,414
193,37,25,2025-03-26,114,1126.6,Pending,
194,12,7,2025-03-10,100,779.57,Pending,
195,32,6,2025-03-06,76,550.73,Converted,663
196,41,6,2025-03-11,125,579.38,Lost,
197,39,4,2025-03-18,25,656.94,Converted,2
198,1,1,2025-04-11,108,2038.21,Expired,
199,37,24,2025-04-28,27,464.51,Converted,636
200,32,12,2025-04-18,65,1175.94,Converted,700
201,10,24,2025-04-19,55,460.42,Lost,
202,33,10,2025-04-27,123,260.96,Converted,551
203,8,20,2025-04-30,84,1077.52,Expired,
204,34,11,2025-04-29,35,1818.65,Expired,
205,22,30,2025-04-30,178,599.74,Converted,459
206,8,36,2025-04-03,96,1338.22,Converted,503
207,13,26,2025-04-02,101,610.44,Pending,
208,38,7,2025-04-28,143,769.22,Expired,
209,37,37,2025-04-23,146,1457.28,Expired,
210,13,19,2025-04-11,44,1473.87,Converted,642
211,28,26,2025-04-14,106,612.71,Converted,107
212,21,36,2025-04-16,166,1367.22,Pending,
213,4,34,2025-04-27,20,1308.26,Converted,602
214,37,35,2025-05-06,174,986.95,Converted,29
215,4,20,2025-05-13,58,1118.33,Expired,
216,28,33,2025-05-17,55,1649.34,Lost,
217,14,7,2025-05-15,57,865.18,Lost,
218,14,32,2025-05-07,156,622.9,Converted,391
219,14,8,2025-05-30,84,1982.73,Converted,339
220,12,25,2025-05-27,68,1125.0,Lost,
221,10,10,2025-05-20,73,285.22,Converted,433
222,37,20,2025-05-07,177,1182.72,Converted,707
223,1,27,2025-05-27,115,148.26,Lost,
224,32,17,2025-05-20,12,1191.06,Converted,713
225,29,9,2025-05-22,186,1067.77,Lost,
226,11,32,2025-05-03,56,613.66,Converted,263
227,26,19,2025-05-18,83,1438.4,Lost,
228,8,26,2025-05-27,61,695.59,Pending,
229,13,9,2025-05-17,19,1107.83,Converted,235
230,3,25,2025-05-06,31,1190.56,Lost,
231,28,24,2025-05-15,199,412.71,Lost,
232,33,13,2025-05-25,63,133.95,Converted,15
233,22,17,2025-06-30,54,1143.75,Converted,660
234,4,26,2025-06-13,49,695.27,Lost,
235,12,13,2025-06-11,178,133.88,Converted,452
236,5,16,2025-06-20,145,144.88,Converted,561
237,21,4,2025-06-04,185,599.12,Lost,
238,40,11,2025-06-24,92,1784.76,Converted,107
239,15,1,2025-06-13,10,2116.93,Expired,
240,8,15,2025-06-25,170,343.95,Lost,
241,31,37,2025-06-21,108,1406.43,Pending,
242,16,32,2025-06-20,74,596.53,Pending,
243,10,30,2025-07-18,102,571.49,Converted,179
244,25,17,2025-07-29,51,1146.83,Converted,308
245,10,3,2025-07-15,115,835.7,Lost,
246,26,9,2025-07-27,170,1088.93,Pending,
247,27,30,2025-07-24,125,590.67,Converted,373
248,22,21,2025-07-22,112,758.94,Lost,
249,14,13,2025-07-19,59,138.19,Expired,
250,24,30,2025-07-18,114,584.65,Converted,403
251,10,31,2025-07-04,148,1912.28,Converted,639
252,27,4,2025-07-07,65,624.64,Expired,
253,25,34,2025-07-14,56,1459.75,Converted,212
254,25,37,2025-07-22,54,1404.48,Expired,
255,10,26,2025-07-19,60,619.24,Converted,252
256,9,32,2025-07-11,166,649.03,Expired,
257,41,3,2025-07-22,34,844.75,Converted,9
258,22,6,2025-08-11,101,534.5,Converted,219
259,20,5,2025-08-12,169,910.59,Pending,
260,31,22,2025-08-23,54,1113.05,Converted,576
261,11,10,2025-08-06,116,264.58,Pending,
262,11,36,2025-08-18,170,1383.65,Expired,
263,16,8,2025-08-22,47,2265.66,Converted,41
264,9,25,2025-08-16,107,1142.63,Expired,
265,24,29,2025-08-19,156,133.24,Pending,
266,37,23,2025-09-29,96,454.6,Lost,
267,12,9,2025-09-20,86,1141.77,Lost,
268,13,21,2025-09-10,192,836.36,Pending,
269,39,32,2025-09-01,169,645.29,Converted,174
270,24,17,2025-09-07,141,1131.8,Lost,
271,32,21,2025-09-29,52,749.42,Converted,314
272,17,29,2025-09-14,96,130.35,Expired,
273,30,6,2025-09-11,151,520.47,Expired,
274,1,37,2025-09-01,87,1427.3,Pending,
275,25,3,2025-09-23,182,783.45,Converted,376
276,33,28,2025-09-14,191,2177.5,Expired,
277,17,36,2025-09-07,135,1345.43,Converted,461
278,6,21,2025-09-28,140,848.46,Converted,132
279,7,16,2025-09-03,55,146.76,Converted,243
280,6,5,2025-09-01,195,797.96,Expired,
281,5,10,2025-09-19,170,299.32,Expired,
282,22,7,2025-09-20,41,765.05,Converted,84
283,12,6,2025-09-23,33,518.22,Lost,
284,4,6,2025-10-13,92,569.05,Converted,203
285,32,12,2025-10-16,83,1136.65,Lost,
286,29,12,2025-10-17,11,1031.75,Pending,
287,10,35,2025-10-19,58,1044.31,Lost,
288,13,12,2025-10-28,92,1140.63,Converted,405
289,41,19,2025-10-20,115,1486.64,Converted,437
290,17,23,2025-10-24,71,426.21,Expired,
291,17,19,2025-10-25,51,1390.57,Converted,353
292,4,28,2025-10-03,182,2315.25,Lost,
293,6,21,2025-10-19,102,825.25,Lost,
294,37,17,2025-10-24,91,1160.98,Pending,
295,32,20,2025-11-25,135,1111.93,Lost,
296,15,11,2025-11-02,186,1780.11,Pending,
297,21,26,2025-11-15,128,648.03,Converted,395
298,27,2,2025-11-28,45,1437.66,Converted,648
299,10,26,2025-11-12,13,646.33,Lost,
300,10,12,2025-11-07,34,1021.59,Pending,
301,22,13,2025-11-01,137,127.64,Converted,563
302,18,15,2025-11-07,134,374.82,Pending,
303,11,32,2025-11-22,25,597.26,Converted,332
304,31,19,2025-11-05,70,1489.27,Lost,
305,27,32,2025-11-01,88,622.1,Converted,319
306,40,28,2025-11-20,41,2261.33,Pending,
307,24,9,2025-11-12,154,1189.5,Converted,458
308,27,16,2025-12-07,93,153.65,Pending,
309,41,31,2025-12-26,81,1885.66,Pending,
310,13,9,2025-12-31,92,1158.74,Lost,
311,38,16,2025-12-27,73,149.28,Lost,
312,21,33,2025-12-29,34,1619.31,Converted,330
313,6,34,2025-12-16,128,1391.42,Expired,
314,18,5,2025-12-15,109,894.02,Pending,
315,10,24,2025-12-28,25,433.8,Converted,4
316,21,23,2025-12-27,168,423.23,Converted,280
317,21,32,2025-12-11,164,644.59,Converted,662
318,13,8,2025-12-10,197,2000.19,Expired,
319,33,19,2025-12-08,106,1468.46,Lost,
320,20,17,2025-12-07,46,1134.51,Converted,660
321,27,6,2026-01-12,129,581.34,Pending,
322,41,25,2026-01-18,50,1162.26,Lost,
323,18,30,2026-01-09,60,613.54,Lost,
324,38,9,2026-01-11,14,1051.63,Expired,
325,31,24,2026-01-05,90,456.62,Converted,27
326,41,28,2026-01-21,92,2194.92,Converted,36
327,19,21,2026-01-19,155,747.94,Expired,
328,9,32,2026-01-03,27,578.19,Converted,168
329,16,6,2026-01-25,102,597.41,Converted,423
330,22,5,2026-01-16,112,864.81,Expired,
331,26,10,2026-01-18,32,293.12,Lost,
332,17,15,2026-01-08,24,376.87,Lost,
333,15,31,2026-01-02,20,1793.68,Converted,157
334,9,33,2026-01-11,92,1620.12,Pending,
335,2,33,2026-01-25,84,1645.36,Expired,
336,27,36,2026-01-03,20,1328.85,Converted,236
337,38,32,2026-01-01,99,628.38,Pending,
338,33,11,2026-01-13,64,1726.69,Converted,643
339,40,19,2026-01-09,152,1457.87,Converted,207
340,39,17,2026-01-11,60,1139.81,Converted,123
341,19,29,2026-02-01,124,141.86,Expired,
342,26,14,2026-02-06,38,995.46,Expired,
343,14,13,2026-02-25,155,134.16,Converted,707
344,14,20,2026-02-12,128,1068.58,Expired,
345,17,14,2026-02-17,16,1037.34,Converted,186
346,22,14,2026-02-16,194,1049.63,Converted,401
347,39,11,2026-02-16,132,1835.47,Converted,684
348,16,5,2026-02-20,37,907.47,Expired,
349,4,1,2026-02-09,10,2037.35,Converted,582
350,11,7,2026-02-02,104,784.11,Converted,434
351,24,5,2026-02-09,116,878.45,Converted,36
352,8,20,2026-02-05,77,1135.93,Lost,
353,8,2,2026-02-16,54,1281.42,Converted,241
354,30,36,2026-02-09,79,1292.73,Lost,
355,10,14,2026-02-03,111,1094.82,Converted,510
356,28,30,2026-02-14,54,636.77,Lost,
357,5,18,2026-02-23,82,403.5,Converted,274
358,2,18,2026-02-28,58,375.8,Lost,
359,3,37,2026-03-27,121,1465.2,Lost,
360,4,19,2026-03-12,32,1506.5,Pending,
361,35,11,2026-03-12,178,1926.25,Expired,
362,10,21,2026-03-24,173,784.02,Converted,412
363,24,30,2026-03-12,84,564.85,Pending,
364,35,27,2026-03-12,120,141.84,Converted,141
365,22,23,2026-03-21,129,421.25,Expired,
366,11,3,2026-03-11,139,860.33,Lost,
367,39,22,2026-03-18,171,1204.19,Converted,588
368,9,14,2026-03-27,187,1050.84,Lost,
369,33,35,2026-03-02,143,955.79,Converted,564
370,11,15,2026-03-22,191,384.59,Pending,
371,24,36,2026-03-30,111,1394.54,Lost,
372,37,23,2026-03-24,114,435.97,Lost,
373,41,30,2026-03-05,187,630.0,Converted,1
374,33,7,2026-03-16,46,867.99,Pending,
375,16,26,2026-03-10,63,656.6,Converted,196
376,2,2,2026-03-01,85,1302.97,Converted,697
377,5,17,2026-04-15,40,1156.04,Converted,413
378,1,20,2026-04-11,109,1122.21,Converted,635
379,38,31,2026-04-21,167,1896.16,Lost,
380,32,21,2026-04-12,17,773.34,Pending,
381,35,7,2026-04-14,186,828.63,Expired,
382,32,2,2026-04-13,19,1472.89,Lost,
383,31,17,2026-04-18,33,1098.03,Expired,
384,41,7,2026-04-15,107,848.02,Converted,481
385,3,21,2026-04-10,151,834.53,Lost,
386,27,7,2026-05-01,185,773.7,Lost,
387,33,29,2026-05-03,138,133.23,Converted,579
388,25,35,2026-05-21,195,947.61,Expired,
389,34,32,2026-05-06,125,591.9,Converted,298
390,39,22,2026-05-14,38,1179.78,Lost,
391,13,31,2026-05-16,73,1735.29,Expired,
392,12,25,2026-05-02,87,1093.27,Converted,700
393,38,32,2026-05-08,192,605.41,Lost,
394,7,11,2026-05-05,43,1883.26,Expired,
395,2,29,2026-05-16,103,145.77,Expired,
396,34,24,2026-05-21,149,410.38,Pending,
397,28,36,2026-05-23,118,1301.76,Converted,681
398,23,31,2026-05-13,139,1985.38,Lost,
399,8,2,2026-05-06,32,1393.68,Pending,
400,35,24,2026-05-18,77,434.06,Expired,
401,12,27,2026-05-04,153,140.8,Converted,308
402,9,26,2026-05-01,105,610.58,Lost,
403,18,34,2026-06-01,87,1447.14,Converted,250
404,31,14,2026-06-07,179,1063.08,Lost,
405,12,25,2026-06-18,172,1167.83,Lost,
406,10,9,2026-06-28,140,1055.13,Pending,
407,33,5,2026-06-19,52,827.33,Expired,
408,24,15,2026-06-27,77,364.0,Lost,
409,21,26,2026-06-01,59,668.99,Pending,
410,29,15,2026-06-24,42,367.94,Expired,
411,27,11,2026-06-08,163,1824.93,Lost,
412,28,2,2026-06-14,26,1391.92,Lost,
413,3,24,2026-06-09,110,421.5,Pending,
414,20,35,2026-06-20,93,1076.88,Pending,
415,33,32,2026-06-13,186,618.36,Expired,
416,39,37,2026-06-05,130,1418.04,Pending,
417,35,34,2026-06-20,171,1283.16,Pending,
418,19,33,2026-06-08,90,1750.13,Converted,246
419,13,23,2026-07-10,59,444.54,Pending,
420,18,17,2026-07-20,118,1198.44,Converted,628
421,9,19,2026-07-07,185,1525.62,Expired,
422,21,14,2026-07-26,128,1079.79,Converted,299
423,41,16,2026-07-07,163,155.87,Lost,
424,32,24,2026-07-08,110,434.47,Converted,582
425,30,35,2026-07-11,47,978.2,Converted,128
426,25,36,2026-07-13,10,1301.68,Pending,
427,32,30,2026-07-30,150,602.84,Converted,582
428,27,13,2026-07-09,23,138.82,Pending,
429,39,7,2026-07-16,121,804.65,Converted,186
430,8,24,2026-07-25,23,406.22,Converted,111
431,36,35,2026-07-09,42,1056.77,Expired,
432,28,14,2026-07-02,179,1077.42,Converted,346
433,40,18,2026-07-10,120,376.14,Converted,619
434,37,18,2026-07-30,151,382.6,Converted,24
435,36,21,2026-07-25,66,763.49,Pending,
436,35,2,2026-08-31,51,1296.94,Pending,
437,32,8,2026-08-04,73,2245.7,Converted,471
438,40,11,2026-08-29,54,1930.46,Converted,4
439,16,20,2026-08-14,158,1203.5,Pending,
440,14,15,2026-08-04,30,364.11,Lost,
441,25,25,2026-08-01,148,1190.99,Converted,690
442,32,28,2026-08-26,144,2177.55,Converted,520
443,40,25,2026-08-27,123,1164.39,Converted,721
444,5,25,2026-08-06,113,1097.38,Converted,415
445,18,16,2026-08-23,84,158.25,Converted,481
446,2,37,2026-08-08,175,1494.67,Lost,
